"<div style=""text-align: left;"">Transformer 架构的核心组件有哪些？为什么它适合边缘部署？</div>","<div style=""text-align: left;"">Transformer 架构的核心组件：<br>1. <strong>自注意力机制（Self-Attention）</strong>：<br>   - 允许模型在处理序列时关注不同位置的信息<br>   - 原理：通过计算查询（Query）、键（Key）、值（Value）之间的相似度，动态分配注意力权重<br>   - 优势：并行计算能力强，适合 GPU/NPU 加速<br><br>2. <strong>位置编码（Positional Encoding）</strong>：<br>   - 为序列中的每个位置添加位置信息<br>   - 原理：使用正弦/余弦函数或可学习的位置嵌入，让模型理解序列的顺序关系<br><br>3. <strong>前馈神经网络（FFN）</strong>：<br>   - 两层全连接网络，通常使用 ReLU 或 GELU 激活函数<br>   - 原理：对每个位置独立进行非线性变换，增加模型表达能力<br><br>4. <strong>残差连接和层归一化</strong>：<br>   - 残差连接缓解梯度消失，层归一化稳定训练<br>   - 原理：残差连接使梯度可以直接传播，层归一化减少内部协变量偏移<br><br>为什么适合边缘部署：<br>1. <strong>并行计算友好</strong>：自注意力机制可以并行处理所有位置，充分利用 NPU/GPU 的并行能力<br>2. <strong>结构规整</strong>：Transformer 的块结构规整，便于算子融合和优化<br>3. <strong>量化友好</strong>：相比 RNN，Transformer 的矩阵运算更适合 INT8 量化<br>4. <strong>推理效率</strong>：通过 KV Cache 等技术，推理时可以避免重复计算</div>",大模型基础-Transformer 架构
"<div style=""text-align: left;"">自注意力机制（Self-Attention）的工作原理是什么？在边缘推理中如何优化？</div>","<div style=""text-align: left;"">自注意力机制的工作原理：<br>1. <strong>计算步骤</strong>：<br>   - 输入序列 X 通过线性变换得到 Q（Query）、K（Key）、V（Value）<br>   - 计算注意力分数：Attention(Q, K, V) = softmax(QK^T / √d_k) V<br>   - 其中 d_k 是键的维度，√d_k 用于缩放，防止内积过大<br><br>2. <strong>多头注意力（Multi-Head Attention）</strong>：<br>   - 将 Q、K、V 分成多个头（head），每个头独立计算注意力<br>   - 最后拼接所有头的结果，通过线性层输出<br>   - 原理：不同头可以关注不同类型的关系（语法、语义等）<br><br>边缘推理优化策略：<br>1. <strong>算子融合</strong>：将 Q/K/V 的线性变换和注意力计算融合，减少内存访问<br>2. <strong>量化</strong>：Q、K、V 矩阵可以使用 INT8 量化，降低计算量和内存占用<br>3. <strong>Flash Attention</strong>：使用分块计算，避免存储完整的注意力矩阵，节省内存<br>4. <strong>稀疏注意力</strong>：只计算部分位置的注意力，减少计算量（如 Longformer、Sparse Transformer）</div>",大模型基础-自注意力机制
"<div style=""text-align: left;"">在边缘设备上部署大模型时，有哪些常见的模型架构选择？各有什么特点？</div>","<div style=""text-align: left;"">边缘部署常见的大模型架构（2024-2025）：<br><br><strong>文本大模型</strong>：<br>1. <strong>LLaMA 系列</strong>（LLaMA、LLaMA 2、LLaMA 3）：<br>   - 特点：Meta 开源的自回归 Transformer 模型<br>   - 优势：架构高效，支持量化（4-bit、8-bit），社区生态完善<br>   - 版本：LLaMA 2 7B/13B/70B，LLaMA 3 8B/70B<br>   - 边缘优化：Llama.cpp、MLC-LLM 等推理框架支持<br>   - 应用：对话、代码生成、文本理解<br><br>2. <strong>Qwen（通义千问）系列</strong>：<br>   - 特点：阿里开源的多语言大模型<br>   - 优势：中文能力强，支持多模态（Qwen-VL），量化支持好<br>   - 版本：Qwen 1.5 0.5B/1.8B/4B/7B/14B/32B/72B<br>   - 边缘优化：Qwen2.5 1.5B/3B 专为边缘设备优化<br>   - 应用：中文对话、多语言任务<br><br>3. <strong>Phi 系列</strong>（Phi-1、Phi-2、Phi-3）：<br>   - 特点：微软开发的小参数高效模型<br>   - 优势：参数量小（1.3B-14B），性能优异，适合边缘部署<br>   - 版本：Phi-3-mini（3.8B）、Phi-3-medium（14B）<br>   - 应用：代码生成、通用对话<br><br>4. <strong>Gemma 系列</strong>：<br>   - 特点：Google 基于 Gemini 技术的小型模型<br>   - 优势：性能好，支持量化，开源<br>   - 版本：Gemma 2B/7B<br>   - 应用：通用对话、文本生成<br><br>5. <strong>ChatGLM 系列</strong>（ChatGLM-6B、ChatGLM3-6B）：<br>   - 特点：清华开源的中文对话模型<br>   - 优势：中文能力强，参数量适中（6B），支持量化<br>   - 应用：中文对话、文本理解<br><br><strong>视觉大模型</strong>：<br>1. <strong>LLaVA 系列</strong>（LLaVA、LLaVA-NeXT）：<br>   - 特点：多模态视觉-语言模型<br>   - 优势：支持图像理解和对话，可量化部署<br>   - 应用：图像描述、视觉问答<br><br>2. <strong>Qwen-VL 系列</strong>：<br>   - 特点：Qwen 的多模态版本<br>   - 优势：中文视觉理解能力强<br>   - 应用：图像理解、OCR、视觉问答<br><br><strong>边缘优化框架</strong>：<br>1. <strong>Llama.cpp</strong>：<br>   - 特点：C++ 实现的 LLaMA 推理框架<br>   - 优势：纯 CPU 推理，支持量化（GGUF 格式），无依赖<br>   - 应用：边缘设备本地推理<br><br>2. <strong>MLC-LLM</strong>：<br>   - 特点：机器学习编译优化的推理框架<br>   - 优势：支持多种硬件（CPU/GPU/NPU），自动优化<br>   - 应用：跨平台边缘推理<br><br>3. <strong>TensorRT-LLM</strong>：<br>   - 特点：NVIDIA 的 LLM 推理优化库<br>   - 优势：GPU 推理性能优异，支持量化<br>   - 应用：Jetson 等 NVIDIA 平台<br><br><strong>传统模型（仍在使用）</strong>：<br>- <strong>BERT 系列</strong>：DistilBERT、MobileBERT（适合理解任务）<br>- <strong>T5/FLAN-T5</strong>：编码器-解码器架构（适合多任务）<br><br>边缘部署考虑因素：<br>- <strong>模型大小</strong>：参数量（1.5B-7B 适合边缘）、模型文件大小<br>- <strong>量化支持</strong>：INT4/INT8 量化能力，量化后精度保持<br>- <strong>推理延迟</strong>：单次推理时间、首 token 延迟（TTFT）<br>- <strong>内存占用</strong>：峰值内存、KV Cache 内存占用<br>- <strong>硬件支持</strong>：CPU/GPU/NPU 推理能力<br>- <strong>精度要求</strong>：任务对精度的容忍度</div>",大模型基础-常见大模型
"<div style=""text-align: left;"">视觉基础模型（Vision Foundation Models）有哪些？在边缘视觉任务中如何应用？</div>","<div style=""text-align: left;"">常见的视觉基础模型：<br>1. <strong>CLIP（Contrastive Language-Image Pre-training）</strong>：<br>   - 特点：联合训练图像和文本编码器，学习多模态表示<br>   - 优势：零样本能力，无需微调即可用于新任务<br>   - 应用：图像检索、图像分类、图像描述生成<br><br>2. <strong>DINO/DINOv2</strong>：<br>   - 特点：自监督学习，无需标注数据即可训练<br>   - 优势：学习通用视觉特征，适合作为特征提取器<br>   - 应用：图像分类、目标检测、语义分割的预训练模型<br><br>3. <strong>SAM（Segment Anything Model）</strong>：<br>   - 特点：强大的零样本分割能力<br>   - 优势：可以分割任意图像中的任意对象<br>   - 应用：图像分割、目标检测、图像编辑<br><br>4. <strong>ViT（Vision Transformer）</strong>：<br>   - 特点：将图像分成 patch，使用 Transformer 处理<br>   - 优势：可扩展性强，大模型性能优异<br>   - 应用：图像分类、目标检测、图像生成<br><br>边缘视觉任务应用策略：<br>1. <strong>特征提取器</strong>：使用预训练的视觉基础模型作为特征提取器，在其上构建特定任务的头<br>2. <strong>知识蒸馏</strong>：将大模型的知识蒸馏到小模型，在边缘设备上部署小模型<br>3. <strong>端云协同</strong>：边缘设备运行轻量级模型，复杂任务上传到云端使用大模型<br>4. <strong>模型压缩</strong>：对视觉基础模型进行量化、剪枝，使其适合边缘部署</div>",大模型基础-视觉基础模型
"<div style=""text-align: left;"">PyTorch 的基础训练流程是什么？如何将训练好的模型导出为 ONNX 或 TorchScript 格式用于边缘部署？</div>","<div style=""text-align: left;"">PyTorch 基础训练流程：<br>1. <strong>数据准备</strong>：<br>   <pre><code style=""white-space: pre; font-family: monospace; text-align: left; display: block; background-color: #f5f5f5; padding: 10px; border-radius: 4px; overflow-x: auto;"">   import torch<br>   from torch.utils.data import DataLoader, Dataset<br>   <br>   class CustomDataset(Dataset):<br>       def __init__(self, data, labels):<br>           self.data = data<br>           self.labels = labels<br>       <br>       def __len__(self):<br>           return len(self.data)<br>       <br>       def __getitem__(self, idx):<br>           return self.data[idx], self.labels[idx]<br>   <br>   train_loader = DataLoader(dataset, batch_size=32, shuffle=True)<br>   </code></pre><br><br>2. <strong>模型定义</strong>：<br>   <pre><code style=""white-space: pre; font-family: monospace; text-align: left; display: block; background-color: #f5f5f5; padding: 10px; border-radius: 4px; overflow-x: auto;"">   import torch.nn as nn<br>   <br>   class SimpleModel(nn.Module):<br>       def __init__(self):<br>           super().__init__()<br>           self.conv1 = nn.Conv2d(3, 64, 3)<br>           self.relu = nn.ReLU()<br>           self.fc = nn.Linear(64, 10)<br>       <br>       def forward(self, x):<br>           x = self.conv1(x)<br>           x = self.relu(x)<br>           x = self.fc(x)<br>           return x<br>   <br>   model = SimpleModel()<br>   </code></pre><br><br>3. <strong>训练循环</strong>：<br>   <pre><code style=""white-space: pre; font-family: monospace; text-align: left; display: block; background-color: #f5f5f5; padding: 10px; border-radius: 4px; overflow-x: auto;"">   criterion = nn.CrossEntropyLoss()<br>   optimizer = torch.optim.Adam(model.parameters(), lr=0.001)<br>   <br>   model.train()<br>   for epoch in range(num_epochs):<br>       for inputs, labels in train_loader:<br>           optimizer.zero_grad()<br>           outputs = model(inputs)<br>           loss = criterion(outputs, labels)<br>           loss.backward()<br>           optimizer.step()<br>   </code></pre><br><br>4. <strong>模型保存</strong>：<br>   <pre><code style=""white-space: pre; font-family: monospace; text-align: left; display: block; background-color: #f5f5f5; padding: 10px; border-radius: 4px; overflow-x: auto;"">   # 保存完整模型<br>   torch.save(model, &#x27;model.pth&#x27;)<br>   # 保存模型权重（推荐）<br>   torch.save(model.state_dict(), &#x27;model_weights.pth&#x27;)<br>   </code></pre><br><br>模型导出为 ONNX：<br>1. <strong>基本导出</strong>：<br>   <pre><code style=""white-space: pre; font-family: monospace; text-align: left; display: block; background-color: #f5f5f5; padding: 10px; border-radius: 4px; overflow-x: auto;"">   import torch.onnx<br>   <br>   model.eval()  # 设置为评估模式<br>   dummy_input = torch.randn(1, 3, 224, 224)  # 示例输入<br>   <br>   torch.onnx.export(<br>       model,                    # 模型<br>       dummy_input,             # 示例输入<br>       &quot;model.onnx&quot;,            # 输出文件<br>       input_names=[&#x27;input&#x27;],    # 输入名称<br>       output_names=[&#x27;output&#x27;],  # 输出名称<br>       opset_version=11,         # ONNX opset 版本<br>       dynamic_axes={&#x27;input&#x27;: {0: &#x27;batch&#x27;}, &#x27;output&#x27;: {0: &#x27;batch&#x27;}}  # 动态轴<br>   )<br>   </code></pre><br><br>2. <strong>常见问题处理</strong>：<br>   - <strong>不支持的操作</strong>：使用 `torch.jit.script` 或自定义算子<br>   - <strong>动态形状</strong>：使用 `dynamic_axes` 参数<br>   - <strong>控制流</strong>：ONNX 支持有限，需要简化模型结构<br><br>3. <strong>验证导出模型</strong>：<br>   <pre><code style=""white-space: pre; font-family: monospace; text-align: left; display: block; background-color: #f5f5f5; padding: 10px; border-radius: 4px; overflow-x: auto;"">   import onnxruntime as ort<br>   <br>   session = ort.InferenceSession(&quot;model.onnx&quot;)<br>   outputs = session.run(None, {&#x27;input&#x27;: dummy_input.numpy()})<br>   </code></pre><br><br>模型导出为 TorchScript：<br>1. <strong>TorchScript（Script）</strong>：<br>   <pre><code style=""white-space: pre; font-family: monospace; text-align: left; display: block; background-color: #f5f5f5; padding: 10px; border-radius: 4px; overflow-x: auto;"">   model.eval()<br>   scripted_model = torch.jit.script(model)<br>   scripted_model.save(&quot;model_scripted.pt&quot;)<br>   </code></pre><br><br>2. <strong>TorchScript（Trace）</strong>：<br>   <pre><code style=""white-space: pre; font-family: monospace; text-align: left; display: block; background-color: #f5f5f5; padding: 10px; border-radius: 4px; overflow-x: auto;"">   model.eval()<br>   traced_model = torch.jit.trace(model, dummy_input)<br>   traced_model.save(&quot;model_traced.pt&quot;)<br>   </code></pre><br><br>3. <strong>Script vs Trace</strong>：<br>   - <strong>Script</strong>：支持控制流，但需要模型代码可追踪<br>   - <strong>Trace</strong>：只记录一次执行路径，不支持动态控制流<br><br>4. <strong>TorchScript 推理</strong>：<br>   <pre><code style=""white-space: pre; font-family: monospace; text-align: left; display: block; background-color: #f5f5f5; padding: 10px; border-radius: 4px; overflow-x: auto;"">   model = torch.jit.load(&quot;model_scripted.pt&quot;)<br>   model.eval()<br>   with torch.no_grad():<br>       output = model(dummy_input)<br>   </code></pre><br><br>边缘部署注意事项：<br>1. <strong>模型简化</strong>：移除训练时的操作（Dropout、BatchNorm 的 training 模式）<br>2. <strong>输入输出固定</strong>：尽量使用固定输入输出形状，避免动态形状<br>3. <strong>算子支持</strong>：检查目标推理引擎的算子支持列表<br>4. <strong>精度验证</strong>：导出后对比原始模型和导出模型的输出，确保精度一致</div>",大模型基础-PyTorch 训练与模型导出
"<div style=""text-align: left;"">RKNN 工具链包括哪些组件？如何使用 RKNN-Toolkit2 进行模型转换和部署？</div>","<div style=""text-align: left;"">RKNN 工具链组件：<br>1. <strong>RKNN-Toolkit2</strong>：<br>   - 功能：模型转换工具，将 PyTorch/TensorFlow/ONNX 模型转换为 RKNN 格式<br>   - 使用场景：PC 端开发，模型量化、性能分析<br>   - 输出：.rknn 模型文件<br><br>2. <strong>RKNNToolkitLite2</strong>：<br>   - 功能：运行时库，在 RK 芯片上加载和运行 RKNN 模型<br>   - 使用场景：嵌入式设备上的推理<br>   - 接口：C/C++ API，支持 Android/Linux<br><br>3. <strong>RKNN API</strong>：<br>   - 功能：提供模型加载、推理、内存管理等接口<br>   - 支持平台：RK3588、RK3566、RK3568 等<br><br>模型转换流程：<br>1. <strong>准备模型</strong>：将 PyTorch/TensorFlow 模型导出为 ONNX<br>2. <strong>量化配置</strong>：<br>   <pre><code style=""white-space: pre; font-family: monospace; text-align: left; display: block; background-color: #f5f5f5; padding: 10px; border-radius: 4px; overflow-x: auto;"">   from rknn.api import RKNN<br>   rknn = RKNN()<br>   rknn.config(channel_mean_value=&#x27;0 0 0 255&#x27;, <br>               reorder_channel=&#x27;0 1 2&#x27;,<br>               quantized_dtype=&#x27;asymmetric_quantized-u8&#x27;)<br>   </code></pre><br>3. <strong>加载和转换</strong>：<br>   <pre><code style=""white-space: pre; font-family: monospace; text-align: left; display: block; background-color: #f5f5f5; padding: 10px; border-radius: 4px; overflow-x: auto;"">   rknn.load_onnx(model=&#x27;model.onnx&#x27;)<br>   rknn.build(do_quantization=True, dataset=&#x27;./dataset.txt&#x27;)<br>   rknn.export_rknn(&#x27;model.rknn&#x27;)<br>   </code></pre><br>4. <strong>性能分析</strong>：使用 `rknn.eval_perf()` 分析模型性能<br><br>常见问题：<br>- <strong>算子不支持</strong>：检查 RKNN 算子支持列表，使用替代算子或自定义算子<br>- <strong>精度掉点</strong>：调整量化策略，使用混合精度（部分层 FP16）<br>- <strong>性能瓶颈</strong>：使用 profiling 工具分析，优化算子融合</div>",边缘部署与推理引擎-RKNN 工具链
"<div style=""text-align: left;"">RKNN 是否必然支持 Transformer？RKLLM 是什么？大模型/Transformer 在 RK 平台上应如何部署？</div>","<div style=""text-align: left;"">RKNN 与 Transformer 支持：<br>1. <strong>RKNN 并非必然支持完整 Transformer</strong>：<br>   - <strong>RKNN-Toolkit2</strong> 主要面向 <strong>CNN/视觉模型</strong>（检测、分类、分割等），NPU 算子以 Conv、Pool、激活等为主。<br>   - <strong>Transformer 算子</strong>（Self-Attention、LayerNorm、FFN 等）在传统 RKNN 上支持有限或需拆成基础算子，部分版本/芯片上存在算子不全、性能差、<strong>精度掉点明显</strong> 等问题。<br>   - 因此：<strong>大语言模型（LLM）/Transformer 在 RK 上不推荐仅依赖 RKNN-Toolkit2</strong>，应使用专门的大模型工具链。<br><br>2. <strong>RKLLM 工具链（大模型专用）</strong>：<br>   - <strong>定位</strong>：瑞芯微提供的 <strong>大语言模型（LLM）部署方案</strong>，面向 Transformer 架构，支持在 RK3588/RK3576/RK3562 等芯片上利用 NPU 加速推理。<br>   - <strong>组件</strong>：<br>     - <strong>RKLLM-Toolkit</strong>：在 PC（x86）上做模型转换、量化、导出；<br>     - <strong>RKLLM Runtime</strong>：在板端加载 `.rkllm` 模型并执行推理。<br>   - <strong>输入格式</strong>：支持 <strong>Hugging Face</strong> 格式、<strong>GGUF</strong> 格式等，可直接从 HF 或 Llama.cpp 生态转换。<br>   - <strong>量化</strong>：支持 w4a16、w4a16 分组量化、w8a8、w8a8 分组量化等，针对 LLM 做优化。<br>   - <strong>典型模型</strong>：LLaMA、Qwen、Phi、ChatGLM3、Gemma、InternLM2、MiniCPM、DeepSeek-R1-Distill 等主流 Transformer/LLM。<br>   - <strong>结论</strong>：在 RK 上部署 <strong>Transformer/大模型应优先用 RKLLM</strong>，而不是仅靠 RKNN-Toolkit2；RKLLM 对 Transformer 算子有专门优化与支持。<br><br>3. <strong>如何选择</strong>：<br>   - <strong>视觉模型（YOLO、分类、分割等）</strong>：用 <strong>RKNN-Toolkit2</strong> → 转成 `.rknn`，用 RKNNToolkitLite2 推理。<br>   - <strong>大语言模型 / Transformer</strong>：用 <strong>RKLLM-Toolkit</strong> → 转成 `.rkllm`，用 RKLLM Runtime 推理。<br>   - 若错误地用 RKNN 去跑完整 Transformer，容易遇到算子不支持、精度掉点严重等问题，应切换到 RKLLM 或其它 LLM 方案（如 CPU 上 Llama.cpp）。</div>",边缘部署与推理引擎-RKLLM 工具链与 Transformer 支持
"<div style=""text-align: left;"">在 RK 等边缘平台上，Transformer/大模型支持不好、精度掉点太多时，有哪些常见原因和解决办法？</div>","<div style=""text-align: left;"">常见原因：<br>1. <strong>用错工具链</strong>：用 RKNN 跑完整 Transformer，NPU 对 Attention、LayerNorm 等支持不足或量化过猛，导致精度崩盘。<br>2. <strong>量化过激</strong>：全图 INT8/INT4 量化，未对敏感层（如 Attention 输出、LayerNorm、部分 FFN）做保护。<br>3. <strong>校准数据不足或分布偏差</strong>：校准集太小、与真实输入分布不一致，导致 scale/zero_point 不合适。<br>4. <strong>算子实现差异</strong>：NPU 上算子与 PyTorch/ONNX 数值行为不一致（如 softmax、LayerNorm 的实现细节），累积成明显误差。<br>5. <strong>层/块未融合或拆分不当</strong>：Transformer 块被拆成大量小算子，中间结果多次量化/反量化，误差放大。<br><br>解决办法（可组合使用）：<br>1. <strong>改用专用 LLM 工具链（强烈推荐）</strong>：<br>   - <strong>RK 平台</strong>：改用 <strong>RKLLM</strong> 做转换与推理，避免用 RKNN 直接跑完整 Transformer。<br>   - RKLLM 对 LLaMA、Qwen 等架构有针对性优化，量化策略和算子实现更适配 Transformer，能显著减轻精度掉点。<br><br>2. <strong>量化策略</strong>：<br>   - <strong>混合精度</strong>：对敏感层（如 LayerNorm、Attention 输出、部分 FFN）保持 FP16，其余 INT8/INT4。<br>   - <strong>分层/分块量化</strong>：先对部分层量化，对比精度，再逐步扩大；对掉点严重的层回退到 FP16 或更高位宽。<br>   - <strong>校准数据</strong>：使用 <strong>代表性好、数量足够</strong> 的校准集（覆盖真实输入分布），必要时用真实业务数据做校准。<br>   - <strong>量化感知训练（QAT）</strong>：若允许重新训练，可用 QAT 让模型适应量化，减少精度损失。<br><br>3. <strong>模型与结构</strong>：<br>   - <strong>选用已验证过的小模型</strong>：如 Qwen2.5-1.5B/3B、Phi-3-mini 等，在 RKLLM 上通常有较好精度-速度平衡。<br>   - <strong>避免在 RKNN 上强行跑大 Transformer</strong>：大参数量 + 不友好算子支持会放大精度问题，优先用 RKLLM 或 CPU 方案。<br><br>4. <strong>验证与调试</strong>：<br>   - <strong>逐层/逐块对比</strong>：在 PC 上用 FP16 与板端量化结果逐层对比，定位掉点严重的层或算子。<br>   - <strong>小数据集评估</strong>：用固定输入、小测试集做 PPL/准确率等指标，量化前后对比，确认是否可接受。<br><br>5. <strong>备选方案</strong>：<br>   - <strong>CPU 推理</strong>：若 NPU 上 Transformer 精度始终不达标，可用 <strong>Llama.cpp、MLC-LLM</strong> 等在 CPU 上跑 INT4/INT8，精度通常更可控，速度略慢。<br>   - <strong>端云协同</strong>：对精度要求极高的请求走云端，边缘只做轻量或高置信度场景。<br><br>总结：<strong>RKNN 并非必然支持 Transformer，且支持不好时精度容易掉很多</strong>。解决办法是：<strong>大模型/Transformer 用 RKLLM 等专用工具链</strong>；在此基础上用混合精度、更好校准、分层量化等手段；仍不行则考虑 CPU 推理或端云协同。</div>",边缘部署与推理引擎-Transformer 精度掉点问题与解决
"<div style=""text-align: left;"">Qualcomm SNPE 和 QNN 的区别是什么？如何使用它们进行模型部署？</div>","<div style=""text-align: left;"">SNPE vs QNN：<br>1. <strong>SNPE（Snapdragon Neural Processing Engine）</strong>：<br>   - 定位：高通的传统推理引擎，支持 DSP/GPU/CPU<br>   - 特点：成熟稳定，文档完善，社区支持好<br>   - 适用：Snapdragon 8 Gen 1 及更早平台<br><br>2. <strong>QNN（Qualcomm Neural Network）</strong>：<br>   - 定位：新一代推理引擎，专为 AI Engine（NPU）优化<br>   - 特点：性能更好，支持更复杂的模型，更好的量化支持<br>   - 适用：Snapdragon 8 Gen 2 及更新平台<br><br>SNPE 使用流程：<br>1. <strong>模型转换</strong>：<br>   <pre><code style=""white-space: pre; font-family: monospace; text-align: left; display: block; background-color: #f5f5f5; padding: 10px; border-radius: 4px; overflow-x: auto;"">   snpe-onnx-to-dlc --input_model model.onnx --output_path model.dlc<br>   </code></pre><br>2. <strong>量化</strong>：<br>   <pre><code style=""white-space: pre; font-family: monospace; text-align: left; display: block; background-color: #f5f5f5; padding: 10px; border-radius: 4px; overflow-x: auto;"">   snpe-dlc-quantize --input_dlc model.dlc --input_list images.txt --output_dlc model_quantized.dlc<br>   </code></pre><br>3. <strong>推理</strong>：<br>   <pre><code style=""white-space: pre; font-family: monospace; text-align: left; display: block; background-color: #f5f5f5; padding: 10px; border-radius: 4px; overflow-x: auto;"">   #include &quot;SNPE/SNPE.hpp&quot;<br>   auto container = zdl::SNPE::SNPEFactory::getContainerFromFile(&quot;model.dlc&quot;);<br>   auto snpe = zdl::SNPE::SNPEFactory::getSNPE(container, inputMap, outputMap, &quot;DSP&quot;);<br>   snpe-&gt;execute(inputMap, outputMap);<br>   </code></pre><br><br>QNN 使用流程：<br>1. <strong>模型转换</strong>：使用 QNN Model Library 将 ONNX 转换为 QNN 格式<br>2. <strong>编译</strong>：使用 QNN 编译器生成针对特定芯片的二进制<br>3. <strong>推理</strong>：使用 QNN Runtime API 加载和执行模型<br><br>常见问题处理：<br>- <strong>算子不支持</strong>：查看 SNPE/QNN 算子支持列表，使用替代方案<br>- <strong>精度问题</strong>：调整量化参数，使用校准数据集<br>- <strong>性能优化</strong>：选择合适的执行后端（DSP/GPU/NPU），使用算子融合</div>",边缘部署与推理引擎-SNPE/QNN（高通）
"<div style=""text-align: left;"">TensorRT 是什么？如何使用 TensorRT 优化模型推理性能？</div>","<div style=""text-align: left;"">TensorRT 简介：<br>- <strong>定义</strong>：NVIDIA 的深度学习推理优化库，专为 GPU 推理优化<br>- <strong>功能</strong>：模型优化、量化、算子融合、内核自动调优<br>- <strong>优势</strong>：相比原始框架，推理速度可提升 2-10 倍<br><br>TensorRT 优化技术：<br>1. <strong>算子融合（Layer Fusion）</strong>：<br>   - 将多个连续的操作融合成一个 kernel，减少内存访问和 kernel 启动开销<br>   - 例如：Conv + BN + ReLU 融合成一个算子<br><br>2. <strong>精度优化</strong>：<br>   - FP32 → FP16：速度提升约 2 倍，精度损失小<br>   - FP32 → INT8：速度提升约 4 倍，需要校准数据集<br><br>3. <strong>内核自动调优</strong>：<br>   - 针对不同硬件自动选择最优的 kernel 实现<br>   - 原理：测试多种 kernel 实现，选择性能最好的<br><br>4. <strong>动态形状优化</strong>：<br>   - TensorRT 8.0+ 支持动态 batch size 和动态输入尺寸<br>   - 使用 IShapeInfer 和 IExecutionContext 处理动态形状<br><br>使用流程：<br>1. <strong>构建引擎</strong>：<br>   <pre><code style=""white-space: pre; font-family: monospace; text-align: left; display: block; background-color: #f5f5f5; padding: 10px; border-radius: 4px; overflow-x: auto;"">   import tensorrt as trt<br>   builder = trt.Builder(logger)<br>   network = builder.create_network()<br>   parser = trt.OnnxParser(network, logger)<br>   parser.parse_from_file(&#x27;model.onnx&#x27;)<br>   engine = builder.build_engine(network, config)<br>   </code></pre><br>2. <strong>序列化引擎</strong>：保存为 `.trt` 文件，避免重复构建<br>3. <strong>推理</strong>：<br>   <pre><code style=""white-space: pre; font-family: monospace; text-align: left; display: block; background-color: #f5f5f5; padding: 10px; border-radius: 4px; overflow-x: auto;"">   context = engine.create_execution_context()<br>   context.execute_async_v2(bindings, stream)<br>   </code></pre><br><br>常见问题：<br>- <strong>算子不支持</strong>：使用 TensorRT 插件（Plugin）实现自定义算子<br>- <strong>精度问题</strong>：使用校准数据集进行 INT8 量化，调整校准方法<br>- <strong>性能瓶颈</strong>：使用 Nsight Systems 分析，优化数据预处理和内存拷贝</div>",边缘部署与推理引擎-TensorRT
"<div style=""text-align: left;"">ONNX Runtime 是什么？在边缘设备上如何使用 ONNX Runtime 进行推理？</div>","<div style=""text-align: left;"">ONNX Runtime 简介：<br>- <strong>定义</strong>：微软开源的跨平台推理引擎，支持 ONNX 模型<br>- <strong>特点</strong>：跨平台（Windows/Linux/Android/iOS）、支持多种硬件后端（CPU/GPU/NPU）<br>- <strong>优势</strong>：统一的模型格式（ONNX），一次导出，多平台部署<br><br>ONNX Runtime 执行提供者（Execution Providers）：<br>1. <strong>CPUExecutionProvider</strong>：默认 CPU 后端，使用优化的算子实现<br>2. <strong>CUDAExecutionProvider</strong>：NVIDIA GPU 后端<br>3. <strong>TensorrtExecutionProvider</strong>：TensorRT 后端，需要先安装 TensorRT<br>4. <strong>OpenVINOExecutionProvider</strong>：Intel CPU/GPU 后端<br>5. <strong>QNNExecutionProvider</strong>：高通 QNN 后端（Qualcomm 平台）<br><br>边缘设备部署：<br>1. <strong>模型导出</strong>：<br>   <pre><code style=""white-space: pre; font-family: monospace; text-align: left; display: block; background-color: #f5f5f5; padding: 10px; border-radius: 4px; overflow-x: auto;"">   import torch<br>   torch.onnx.export(model, dummy_input, &quot;model.onnx&quot;, <br>                     input_names=[&#x27;input&#x27;], output_names=[&#x27;output&#x27;])<br>   </code></pre><br>2. <strong>推理代码</strong>：<br>   <pre><code style=""white-space: pre; font-family: monospace; text-align: left; display: block; background-color: #f5f5f5; padding: 10px; border-radius: 4px; overflow-x: auto;"">   import onnxruntime as ort<br>   session = ort.InferenceSession(&#x27;model.onnx&#x27;, <br>                                   providers=[&#x27;CPUExecutionProvider&#x27;])<br>   outputs = session.run(None, {&#x27;input&#x27;: input_data})<br>   </code></pre><br>3. <strong>性能优化</strong>：<br>   - 使用 `GraphOptimizationLevel` 启用图优化<br>   - 选择合适的 Execution Provider<br>   - 使用 `IOBinding` 避免不必要的内存拷贝<br><br>Android 部署示例：<br><pre><code style=""white-space: pre; font-family: monospace; text-align: left; display: block; background-color: #f5f5f5; padding: 10px; border-radius: 4px; overflow-x: auto;"">#include &lt;onnxruntime/core/session/onnxruntime_cxx_api.h&gt;<br>Ort::Env env;<br>Ort::Session session(env, &quot;model.onnx&quot;, Ort::SessionOptions{nullptr});<br>auto outputs = session.Run(Ort::RunOptions{nullptr}, <br>                           input_names.data(), input_tensors.data(), <br>                           input_names.size(), output_names.data(), <br>                           output_names.size());<br></code></pre><br><br>常见问题：<br>- <strong>算子不支持</strong>：检查 ONNX opset 版本，使用支持的算子或自定义实现<br>- <strong>性能问题</strong>：选择合适的 Execution Provider，启用图优化<br>- <strong>内存问题</strong>：使用 `IOBinding` 管理内存，避免不必要的拷贝</div>",边缘部署与推理引擎-ONNX Runtime
"<div style=""text-align: left;"">模型剪枝有哪些方法？在边缘部署中如何应用？</div>","<div style=""text-align: left;"">模型剪枝方法：<br>1. <strong>结构化剪枝 vs 非结构化剪枝</strong>：<br>   - <strong>非结构化剪枝</strong>：移除单个权重，产生稀疏矩阵<br>     - 优势：剪枝率高，精度损失小<br>     - 劣势：需要硬件支持稀疏计算，否则加速不明显<br>   - <strong>结构化剪枝</strong>：移除整个通道、层或块<br>     - 优势：硬件友好，可以直接加速<br>     - 劣势：剪枝率相对较低<br><br>2. <strong>训练时剪枝 vs 训练后剪枝</strong>：<br>   - <strong>训练后剪枝</strong>：先训练完整模型，再移除不重要的权重<br>     - 方法：基于权重大小、梯度、激活值等指标<br>   - <strong>训练时剪枝</strong>：在训练过程中逐步剪枝<br>     - 方法：使用 L1/L2 正则化，逐步将权重推向 0<br><br>3. <strong>基于重要性的剪枝</strong>：<br>   - <strong>Magnitude-based</strong>：移除绝对值小的权重<br>   - <strong>Gradient-based</strong>：移除梯度小的权重<br>   - <strong>Activation-based</strong>：移除激活值小的通道<br><br>边缘部署应用：<br>1. <strong>通道剪枝</strong>：移除不重要的通道，减少计算量和参数量<br>2. <strong>层剪枝</strong>：移除冗余层，降低延迟<br>3. <strong>块剪枝</strong>：移除整个残差块，适合 ResNet 等架构<br>4. <strong>渐进式剪枝</strong>：逐步剪枝并微调，平衡精度和速度<br><br>工具和框架：<br>- <strong>PyTorch Pruning</strong>：`torch.nn.utils.prune`<br>- <strong>NNI（Neural Network Intelligence）</strong>：微软的自动机器学习工具<br>- <strong>TensorFlow Model Optimization Toolkit</strong>：TensorFlow 的模型优化工具</div>",模型压缩与加速-模型剪枝
"<div style=""text-align: left;"">知识蒸馏的原理是什么？如何设计蒸馏策略用于边缘部署？</div>","<div style=""text-align: left;"">知识蒸馏原理：<br>1. <strong>基本思想</strong>：<br>   - 使用大模型（教师模型）指导小模型（学生模型）学习<br>   - 学生模型不仅要学习真实标签，还要学习教师模型的软标签（soft labels）<br>   - 原理：软标签包含更多信息（类别间的关系），有助于学生模型学习<br><br>2. <strong>损失函数</strong>：<br>   <pre><code style=""white-space: pre; font-family: monospace; text-align: left; display: block; background-color: #f5f5f5; padding: 10px; border-radius: 4px; overflow-x: auto;"">   Loss = α * Hard_Loss(学生预测, 真实标签) + (1-α) * Soft_Loss(学生预测, 教师预测)<br>   </code></pre><br>   - Hard_Loss：学生模型对真实标签的交叉熵<br>   - Soft_Loss：学生模型对教师模型输出的 KL 散度<br>   - α：平衡两个损失的权重<br><br>3. <strong>温度参数（Temperature）</strong>：<br>   - 使用温度 T 软化概率分布：softmax(logits / T)<br>   - T &gt; 1 时，分布更平滑，包含更多信息<br>   - 推理时 T = 1，恢复原始分布<br><br>蒸馏策略设计：<br>1. <strong>特征蒸馏</strong>：<br>   - 让学生模型的中间特征接近教师模型<br>   - 使用 L2 或注意力转移（Attention Transfer）<br>   - 适合：学生和教师结构相似的情况<br><br>2. <strong>响应蒸馏</strong>：<br>   - 让学生模型的输出接近教师模型<br>   - 使用 KL 散度或 MSE<br>   - 适合：学生和教师结构不同的情况<br><br>3. <strong>关系蒸馏</strong>：<br>   - 学习样本之间的关系（如样本间的相似度）<br>   - 使用 Relational Knowledge Distillation（RKD）<br>   - 适合：需要保持样本间关系的学习任务<br><br>边缘部署应用：<br>- <strong>模型压缩</strong>：将大模型蒸馏到小模型，在边缘设备上部署<br>- <strong>多任务学习</strong>：使用多任务教师模型蒸馏到单任务学生模型<br>- <strong>增量学习</strong>：使用旧模型作为教师，指导新模型学习新任务</div>",模型压缩与加速-知识蒸馏
"<div style=""text-align: left;"">模型量化的原理是什么？INT8 和 FP16 量化各有什么特点？如何选择？</div>","<div style=""text-align: left;"">量化原理：<br>1. <strong>基本思想</strong>：<br>   - 将 FP32 权重和激活值映射到低精度（INT8/FP16）<br>   - 减少模型大小和计算量，提高推理速度<br>   - 公式：Q = round(R / S) + Z<br>     - R：原始 FP32 值<br>     - S：缩放因子（scale）<br>     - Z：零点（zero point，用于对称量化）<br><br>2. <strong>量化类型</strong>：<br>   - <strong>对称量化</strong>：零点 Z = 0，范围 [-2^(b-1), 2^(b-1)-1]<br>   - <strong>非对称量化</strong>：零点 Z ≠ 0，范围 [0, 2^b-1]<br>   - <strong>动态量化</strong>：缩放因子在运行时计算<br>   - <strong>静态量化</strong>：缩放因子在量化时确定，需要校准数据集<br><br>INT8 vs FP16：<br>1. <strong>INT8 量化</strong>：<br>   - <strong>优势</strong>：<br>     - 模型大小减少 4 倍（32bit → 8bit）<br>     - 推理速度提升 2-4 倍（取决于硬件）<br>     - 内存占用大幅降低<br>   - <strong>劣势</strong>：<br>     - 精度损失较大，可能需要微调<br>     - 需要校准数据集确定量化参数<br>   - <strong>适用场景</strong>：对精度要求不高的任务，资源极度受限的设备<br><br>2. <strong>FP16 量化</strong>：<br>   - <strong>优势</strong>：<br>     - 精度损失小，通常无需微调<br>     - 推理速度提升约 2 倍<br>     - 模型大小减少 2 倍<br>   - <strong>劣势</strong>：<br>     - 需要硬件支持（GPU/NPU）<br>     - 加速效果不如 INT8<br>   - <strong>适用场景</strong>：对精度要求较高的任务，有 FP16 硬件支持<br><br>混合精度策略：<br>- <strong>权重 FP16，激活 INT8</strong>：平衡精度和速度<br>- <strong>敏感层 FP16，其他层 INT8</strong>：保护关键层精度<br>- <strong>训练 FP32，推理 INT8/FP16</strong>：训练时保持精度，推理时加速<br><br>量化工具：<br>- <strong>PyTorch</strong>：`torch.quantization`、`torch.ao.quantization`<br>- <strong>TensorFlow</strong>：`tensorflow.lite`、`tensorflow_model_optimization`<br>- <strong>ONNX Runtime</strong>：支持静态和动态量化<br>- <strong>RKNN-Toolkit2</strong>：瑞芯微平台的量化工具</div>",模型压缩与加速-量化（INT8/FP16）
"<div style=""text-align: left;"">算子融合的原理是什么？在边缘推理中如何应用？</div>","<div style=""text-align: left;"">算子融合原理：<br>1. <strong>基本思想</strong>：<br>   - 将多个连续的操作融合成一个 kernel<br>   - 减少内存访问和 kernel 启动开销<br>   - 提高缓存利用率，减少数据传输<br><br>2. <strong>融合类型</strong>：<br>   - <strong>垂直融合</strong>：将同一数据流上的多个操作融合<br>     - 例如：Conv + BN + ReLU → 融合成一个算子<br>   - <strong>水平融合</strong>：将不同数据流上的相同操作融合<br>     - 例如：多个独立的 Conv 操作融合<br><br>3. <strong>融合优势</strong>：<br>   - <strong>减少内存访问</strong>：中间结果不需要写回内存<br>   - <strong>减少 kernel 启动开销</strong>：一次启动代替多次启动<br>   - <strong>提高缓存利用率</strong>：数据在缓存中复用<br><br>常见融合模式：<br>1. <strong>Conv + BN + ReLU</strong>：<br>   - 最常见的融合模式<br>   - BN 的参数可以合并到 Conv 的权重和偏置中<br>   - ReLU 可以在 Conv 的输出上直接应用<br><br>2. <strong>MatMul + Add + Activation</strong>：<br>   - 全连接层 + 偏置 + 激活函数<br>   - 适合 Transformer 的 FFN 层<br><br>3. <strong>Multi-head Attention 融合</strong>：<br>   - 将 Q、K、V 的线性变换融合<br>   - 减少内存访问和计算<br><br>边缘推理应用：<br>1. <strong>推理引擎自动融合</strong>：<br>   - TensorRT、ONNX Runtime 等会自动进行算子融合<br>   - 无需手动实现，但需要了解融合规则<br><br>2. <strong>手动融合</strong>：<br>   - 对于不支持自动融合的平台，可以手动实现融合算子<br>   - 使用自定义算子（Custom Operator）或插件（Plugin）<br><br>3. <strong>性能优化</strong>：<br>   - 使用 profiling 工具识别未融合的算子<br>   - 针对性能瓶颈进行手动融合<br><br>工具和框架：<br>- <strong>TensorRT</strong>：自动进行算子融合<br>- <strong>ONNX Runtime</strong>：支持图优化和算子融合<br>- <strong>TVM</strong>：支持自定义算子融合规则</div>",模型压缩与加速-算子融合
"<div style=""text-align: left;"">模型结构重写有哪些方法？如何用于边缘部署优化？</div>","<div style=""text-align: left;"">结构重写方法：<br>1. <strong>深度可分离卷积（Depthwise Separable Convolution）</strong>：<br>   - 将标准卷积分解为深度卷积和逐点卷积<br>   - 参数量和计算量大幅减少（约 1/8 到 1/9）<br>   - 应用：MobileNet、EfficientNet<br><br>2. <strong>组卷积（Group Convolution）</strong>：<br>   - 将输入通道分成多组，每组独立卷积<br>   - 减少参数量和计算量<br>   - 应用：ResNeXt、ShuffleNet<br><br>3. <strong>倒残差结构（Inverted Residual）</strong>：<br>   - 先扩展通道，再深度卷积，最后压缩通道<br>   - 在保持性能的同时减少计算量<br>   - 应用：MobileNetV2、MobileNetV3<br><br>4. <strong>通道混洗（Channel Shuffle）</strong>：<br>   - 在组卷积后混洗通道，增加组间信息交流<br>   - 提高模型表达能力<br>   - 应用：ShuffleNet<br><br>5. <strong>注意力机制轻量化</strong>：<br>   - 使用局部注意力代替全局注意力<br>   - 使用线性注意力（Linear Attention）降低复杂度<br>   - 应用：Efficient Attention、Performer<br><br>边缘部署优化策略：<br>1. <strong>架构搜索（Neural Architecture Search）</strong>：<br>   - 自动搜索适合目标硬件的架构<br>   - 工具：ProxylessNAS、Once-for-All<br><br>2. <strong>模型替换</strong>：<br>   - 使用轻量级模型替代重型模型<br>   - 例如：MobileNet 替代 ResNet，EfficientDet 替代 YOLO<br><br>3. <strong>多尺度特征融合优化</strong>：<br>   - 简化 FPN、PANet 等特征融合结构<br>   - 减少特征图数量和通道数<br><br>4. <strong>动态推理</strong>：<br>   - 根据输入复杂度动态调整计算路径<br>   - 简单样本使用轻量路径，复杂样本使用完整路径<br><br>工具和框架：<br>- <strong>NNI</strong>：支持架构搜索和模型压缩<br>- <strong>AutoML</strong>：Google 的自动机器学习工具<br>- <strong>模型库</strong>：Model Zoo 提供预训练的轻量级模型</div>",模型压缩与加速-结构重写
"<div style=""text-align: left;"">什么是流水线并行？在边缘 AI 推理中如何利用异构加速（CPU/GPU/NPU）？</div>","<div style=""text-align: left;"">流水线并行（Pipeline Parallelism）：<br>1. <strong>基本概念</strong>：<br>   - 将推理流程分成多个阶段，不同阶段在不同硬件上并行执行<br>   - 例如：预处理（CPU）→ 推理（NPU）→ 后处理（CPU）并行执行<br>   - 优势：提高硬件利用率，降低端到端延迟<br><br>2. <strong>实现方式</strong>：<br>   <pre><code style=""white-space: pre; font-family: monospace; text-align: left; display: block; background-color: #f5f5f5; padding: 10px; border-radius: 4px; overflow-x: auto;"">   // 流水线示例：三阶段并行<br>   // Thread 1: 预处理<br>   void preprocess_thread() {<br>       while (running) {<br>           Frame frame = camera.get_frame();<br>           preprocess(frame);  // CPU 执行<br>           preprocess_queue.push(frame);<br>       }<br>   }<br>   <br>   // Thread 2: 推理<br>   void inference_thread() {<br>       while (running) {<br>           Frame frame = preprocess_queue.pop();<br>           Result result = model.infer(frame);  // NPU 执行<br>           inference_queue.push(result);<br>       }<br>   }<br>   <br>   // Thread 3: 后处理<br>   void postprocess_thread() {<br>       while (running) {<br>           Result result = inference_queue.pop();<br>           postprocess(result);  // CPU 执行<br>           output_queue.push(result);<br>       }<br>   }<br>   </code></pre><br><br>3. <strong>优化策略</strong>：<br>   - <strong>缓冲队列</strong>：使用有界队列平衡各阶段速度<br>   - <strong>批处理</strong>：在推理阶段使用批处理提高吞吐量<br>   - <strong>异步执行</strong>：使用异步 API 避免阻塞<br><br>异构加速（CPU/GPU/NPU）：<br>1. <strong>硬件特点</strong>：<br>   - <strong>CPU</strong>：<br>     - 优势：通用性强，控制流灵活，适合预处理和后处理<br>     - 劣势：并行能力有限，功耗较高<br>   - <strong>GPU</strong>：<br>     - 优势：并行计算能力强，适合大规模矩阵运算<br>     - 劣势：延迟较高，功耗大，需要 PCIe 传输<br>   - <strong>NPU</strong>：<br>     - 优势：专为 AI 推理优化，功耗低，延迟低<br>     - 劣势：算子支持有限，灵活性较低<br><br>2. <strong>任务分配策略</strong>：<br>   - <strong>预处理</strong>：CPU 或 GPU（如果支持）<br>     - Resize、格式转换、归一化<br>   - <strong>推理</strong>：NPU &gt; GPU &gt; CPU（性能排序）<br>     - 模型推理，充分利用专用硬件<br>   - <strong>后处理</strong>：CPU 或 GPU<br>     - NMS、跟踪、结果处理<br><br>3. <strong>异构加速实现</strong>：<br>   <pre><code style=""white-space: pre; font-family: monospace; text-align: left; display: block; background-color: #f5f5f5; padding: 10px; border-radius: 4px; overflow-x: auto;"">   // 根据任务类型选择执行后端<br>   class HeterogeneousExecutor {<br>       void execute(Task task) {<br>           if (task.type == PREPROCESS) {<br>               execute_on_cpu(task);  // CPU 执行预处理<br>           } else if (task.type == INFERENCE) {<br>               if (npu_available) {<br>                   execute_on_npu(task);  // NPU 执行推理<br>               } else if (gpu_available) {<br>                   execute_on_gpu(task);  // GPU 执行推理<br>               } else {<br>                   execute_on_cpu(task);  // CPU 执行推理<br>               }<br>           } else if (task.type == POSTPROCESS) {<br>               execute_on_cpu(task);  // CPU 执行后处理<br>           }<br>       }<br>   };<br>   </code></pre><br><br>4. <strong>性能优化</strong>：<br>   - <strong>数据预取</strong>：提前将数据加载到对应硬件内存<br>   - <strong>零拷贝</strong>：减少 CPU 和 NPU/GPU 之间的数据拷贝<br>   - <strong>异步执行</strong>：使用异步 API，避免同步等待<br>   - <strong>批处理</strong>：在 NPU/GPU 上使用批处理提高吞吐量<br><br>5. <strong>功耗优化</strong>：<br>   - <strong>动态频率调节</strong>：根据负载动态调整 CPU/GPU 频率<br>   - <strong>任务卸载</strong>：将计算密集型任务卸载到 NPU，降低 CPU 负载<br>   - <strong>休眠机制</strong>：空闲时让 GPU 进入低功耗状态<br><br>边缘设备应用场景：<br>- <strong>实时视频分析</strong>：预处理（CPU）→ 推理（NPU）→ 后处理（CPU）流水线<br>- <strong>多模型推理</strong>：不同模型在不同硬件上并行执行<br>- <strong>负载均衡</strong>：根据硬件负载动态分配任务</div>",模型压缩与加速-流水线并行与异构加速
"<div style=""text-align: left;"">常见的目标检测模型有哪些？在边缘设备上如何选择和优化？目标检测的网络结构和评估指标是什么？</div>","<div style=""text-align: left;"">常见目标检测模型：<br>1. <strong>两阶段检测器</strong>：<br>   - <strong>R-CNN 系列</strong>（R-CNN、Fast R-CNN、Faster R-CNN）：<br>     - 特点：先提取候选区域，再分类和回归<br>     - 优势：精度高<br>     - 劣势：速度慢，不适合实时应用<br><br>2. <strong>单阶段检测器</strong>：<br>   - <strong>YOLO 系列</strong>（YOLOv3、YOLOv4、YOLOv5、YOLOv8）：<br>     - 特点：端到端检测，速度快<br>     - 优势：实时性好，适合边缘部署<br>     - 应用：实时视频分析、移动设备<br>   - <strong>SSD（Single Shot MultiBox Detector）</strong>：<br>     - 特点：多尺度特征图检测<br>     - 优势：速度和精度平衡<br>   - <strong>RetinaNet</strong>：<br>     - 特点：使用 Focal Loss 解决类别不平衡<br>     - 优势：精度高，速度适中<br><br>3. <strong>轻量级检测器</strong>：<br>   - <strong>YOLOv5n、YOLOv8n</strong>：YOLO 的 nano 版本，参数量小<br>   - <strong>MobileNet-SSD</strong>：基于 MobileNet 的 SSD<br>   - <strong>EfficientDet</strong>：EfficientNet + BiFPN，效率高<br><br>目标检测网络结构：<br>1. <strong>YOLO 结构</strong>：<br>   - <strong>Backbone</strong>：特征提取网络（如 CSPDarknet、EfficientNet）<br>   - <strong>Neck</strong>：特征融合网络（如 FPN、PANet、BiFPN）<br>   - <strong>Head</strong>：检测头（分类 + 回归）<br>   - <strong>输出</strong>：多尺度特征图，每个位置预测多个 anchor<br><br>2. <strong>两阶段检测器结构</strong>：<br>   - <strong>RPN（Region Proposal Network）</strong>：生成候选区域<br>   - <strong>RoI Pooling/RoI Align</strong>：将候选区域特征对齐<br>   - <strong>分类和回归头</strong>：对候选区域进行分类和边界框回归<br><br>评估指标：<br>1. <strong>mAP（mean Average Precision）</strong>：<br>   - <strong>定义</strong>：所有类别的平均精度（AP）的平均值<br>   - <strong>计算</strong>：绘制 Precision-Recall 曲线，计算曲线下面积<br>   - <strong>mAP@0.5</strong>：IoU 阈值为 0.5 时的 mAP<br>   - <strong>mAP@0.5:0.95</strong>：IoU 阈值从 0.5 到 0.95（步长 0.05）的平均 mAP<br><br>2. <strong>精度指标</strong>：<br>   - <strong>Precision</strong>：TP / (TP + FP)，预测为正例中真正例的比例<br>   - <strong>Recall</strong>：TP / (TP + FN)，真正例中被正确预测的比例<br>   - <strong>F1-Score</strong>：2 * Precision * Recall / (Precision + Recall)<br><br>3. <strong>速度指标</strong>：<br>   - <strong>FPS（Frames Per Second）</strong>：每秒处理的帧数<br>   - <strong>延迟（Latency）</strong>：单帧处理时间（ms）<br>   - <strong>吞吐量（Throughput）</strong>：每秒处理的图片数<br><br>4. <strong>边缘设备指标</strong>：<br>   - <strong>功耗（Power Consumption）</strong>：推理时的功耗（W）<br>   - <strong>内存占用</strong>：峰值内存、常驻内存（MB）<br>   - <strong>模型大小</strong>：参数量、模型文件大小（MB）<br><br>边缘设备优化策略：<br>1. <strong>模型选择</strong>：优先选择 YOLOv5n/v8n、EfficientDet-Lite 等轻量级模型<br>2. <strong>输入尺寸</strong>：减小输入图像尺寸（如 640x640 → 416x416）<br>3. <strong>量化</strong>：使用 INT8 量化，速度提升 2-4 倍<br>4. <strong>NMS 优化</strong>：使用快速 NMS 或 GPU 加速的 NMS<br>5. <strong>后处理优化</strong>：将 NMS 等后处理移到 GPU/NPU 执行</div>",视觉任务与数据处理-目标检测
"<div style=""text-align: left;"">图像分类任务在边缘部署中有哪些优化方法？分类网络的典型结构和评估指标是什么？</div>","<div style=""text-align: left;"">图像分类网络结构：<br>1. <strong>CNN 基本结构</strong>：<br>   - <strong>卷积层（Conv）</strong>：提取局部特征<br>   - <strong>池化层（Pooling）</strong>：降维，增加感受野<br>   - <strong>全连接层（FC）</strong>：最终分类<br>   - <strong>激活函数</strong>：ReLU、GELU、Swish 等<br><br>2. <strong>经典网络结构</strong>：<br>   - <strong>ResNet</strong>：残差连接，解决梯度消失<br>   - <strong>MobileNet</strong>：深度可分离卷积，轻量级<br>   - <strong>EfficientNet</strong>：平衡深度、宽度、分辨率<br>   - <strong>Vision Transformer（ViT）</strong>：Transformer 用于图像分类<br><br>3. <strong>轻量级结构</strong>：<br>   - <strong>深度可分离卷积</strong>：标准卷积 → 深度卷积 + 逐点卷积<br>   - <strong>倒残差结构</strong>：MobileNetV2/V3<br>   - <strong>通道混洗</strong>：ShuffleNet<br><br>评估指标：<br>1. <strong>准确率（Accuracy）</strong>：<br>   - <strong>Top-1 Accuracy</strong>：预测概率最高的类别是否正确<br>   - <strong>Top-5 Accuracy</strong>：预测概率前 5 的类别中是否包含正确答案<br>   - <strong>公式</strong>：Accuracy = (TP + TN) / (TP + TN + FP + FN)<br><br>2. <strong>混淆矩阵</strong>：<br>   - <strong>TP（True Positive）</strong>：真正例<br>   - <strong>TN（True Negative）</strong>：真负例<br>   - <strong>FP（False Positive）</strong>：假正例<br>   - <strong>FN（False Negative）</strong>：假负例<br><br>3. <strong>多分类指标</strong>：<br>   - <strong>宏平均（Macro-average）</strong>：各类别指标的平均<br>   - <strong>微平均（Micro-average）</strong>：所有样本的总体指标<br>   - <strong>加权平均（Weighted-average）</strong>：按类别样本数加权<br><br>边缘部署优化方法：<br>1. <strong>轻量级模型选择</strong>：<br>   - <strong>MobileNet 系列</strong>（MobileNetV1/V2/V3）：<br>     - 使用深度可分离卷积，参数量小<br>     - MobileNetV3 使用 NAS 搜索最优结构<br>   - <strong>EfficientNet</strong>：<br>     - 平衡深度、宽度、分辨率<br>     - EfficientNet-Lite 专门为边缘设备优化<br>   - <strong>ShuffleNet</strong>：<br>     - 使用组卷积和通道混洗<br>     - 计算效率高<br><br>2. <strong>模型压缩</strong>：<br>   - <strong>量化</strong>：FP32 → INT8，模型大小减少 4 倍<br>   - <strong>剪枝</strong>：移除不重要的通道或层<br>   - <strong>知识蒸馏</strong>：大模型蒸馏到小模型<br><br>3. <strong>输入优化</strong>：<br>   - <strong>输入尺寸</strong>：减小输入尺寸（如 224x224 → 192x192）<br>   - <strong>数据预处理优化</strong>：在 GPU/NPU 上执行预处理<br><br>4. <strong>推理优化</strong>：<br>   - <strong>批处理</strong>：合理设置 batch size，平衡延迟和吞吐量<br>   - <strong>算子融合</strong>：Conv + BN + ReLU 融合<br>   - <strong>内存优化</strong>：使用内存池，减少内存分配开销<br><br>性能指标：<br>- <strong>Top-1/Top-5 准确率</strong>：分类精度<br>- <strong>推理延迟</strong>：单张图片处理时间<br>- <strong>吞吐量</strong>：每秒处理的图片数<br>- <strong>模型大小</strong>：参数量和模型文件大小</div>",视觉任务与数据处理-图像分类
"<div style=""text-align: left;"">语义分割模型在边缘部署中的挑战和优化方法是什么？</div>","<div style=""text-align: left;"">边缘部署挑战：<br>1. <strong>计算量大</strong>：需要对每个像素进行分类，计算量是分类任务的数百倍<br>2. <strong>内存占用高</strong>：需要存储高分辨率的特征图和输出<br>3. <strong>实时性要求</strong>：视频分割需要高帧率<br><br>优化方法：<br>1. <strong>轻量级分割模型</strong>：<br>   - <strong>DeepLabV3+ Mobile</strong>：使用 MobileNet 作为 backbone<br>   - <strong>BiSeNet</strong>：双路径网络，速度和精度平衡<br>   - <strong>Fast-SCNN</strong>：快速分割网络，适合实时应用<br>   - <strong>ENet</strong>：专门为实时分割设计<br><br>2. <strong>模型压缩</strong>：<br>   - <strong>量化</strong>：INT8 量化，减少计算量和内存<br>   - <strong>知识蒸馏</strong>：大模型蒸馏到小模型<br>   - <strong>通道剪枝</strong>：减少特征图通道数<br><br>3. <strong>架构优化</strong>：<br>   - <strong>降低输入分辨率</strong>：如 512x512 → 256x256<br>   - <strong>简化解码器</strong>：使用轻量级解码器<br>   - <strong>多尺度特征融合优化</strong>：简化 FPN、ASPP 等结构<br><br>4. <strong>后处理优化</strong>：<br>   - <strong>CRF 优化</strong>：使用快速 CRF 或移除 CRF<br>   - <strong>上采样优化</strong>：使用转置卷积或双线性插值<br><br>应用场景：<br>- <strong>自动驾驶</strong>：道路、车辆、行人分割<br>- <strong>医疗影像</strong>：器官、病变区域分割<br>- <strong>工业检测</strong>：缺陷区域分割</div>",视觉任务与数据处理-语义分割
"<div style=""text-align: left;"">关键点检测和人体姿态估计在边缘设备上如何部署？</div>","<div style=""text-align: left;"">关键点检测方法：<br>1. <strong>自顶向下（Top-Down）</strong>：<br>   - 先检测人体，再检测关键点<br>   - 方法：YOLO + HRNet、YOLO + SimpleBaseline<br>   - 优势：精度高<br>   - 劣势：速度慢，需要两阶段推理<br><br>2. <strong>自底向上（Bottom-Up）</strong>：<br>   - 先检测所有关键点，再分组<br>   - 方法：OpenPose、HigherHRNet<br>   - 优势：速度快，适合多人场景<br>   - 劣势：精度略低<br><br>3. <strong>单阶段方法</strong>：<br>   - 直接回归关键点坐标<br>   - 方法：YOLO-Pose、RTMPose<br>   - 优势：速度快，适合实时应用<br><br>边缘部署优化：<br>1. <strong>模型选择</strong>：<br>   - <strong>RTMPose</strong>：实时姿态估计，适合边缘设备<br>   - <strong>YOLO-Pose</strong>：端到端检测和姿态估计<br>   - <strong>MobileNet + 轻量级姿态估计头</strong><br><br>2. <strong>输入优化</strong>：<br>   - <strong>输入尺寸</strong>：减小输入尺寸（如 256x192）<br>   - <strong>ROI 裁剪</strong>：只处理人体区域<br><br>3. <strong>后处理优化</strong>：<br>   - <strong>关键点平滑</strong>：使用 Kalman 滤波或移动平均<br>   - <strong>骨骼连接优化</strong>：简化骨骼连接规则<br><br>4. <strong>量化</strong>：INT8 量化，速度提升 2-3 倍<br><br>评估指标：<br>- <strong>mAP（mean Average Precision）</strong>：关键点检测精度<br>- <strong>PCK（Percentage of Correct Keypoints）</strong>：关键点正确率<br>- <strong>FPS</strong>：实时性能指标<br><br>应用场景：<br>- <strong>动作识别</strong>：体育分析、健身指导<br>- <strong>人机交互</strong>：手势识别、体感游戏<br>- <strong>安防监控</strong>：行为分析、异常检测</div>",视觉任务与数据处理-关键点检测与姿态估计
"<div style=""text-align: left;"">边缘设备上的图像预处理包括哪些步骤？如何优化？</div>","<div style=""text-align: left;"">图像预处理步骤：<br>1. <strong>图像采集</strong>：<br>   - <strong>摄像头输入</strong>：通常为 YUV（NV12/NV21）格式<br>   - <strong>传感器数据</strong>：Raw Bayer 格式，需要去马赛克<br><br>2. <strong>格式转换</strong>：<br>   - <strong>YUV → RGB</strong>：颜色空间转换<br>   - <strong>RGB → BGR</strong>：OpenCV 默认 BGR<br>   - <strong>HWC → CHW</strong>：维度转换（Height-Width-Channel → Channel-Height-Width）<br><br>3. <strong>尺寸调整</strong>：<br>   - <strong>Resize</strong>：将图像调整到模型输入尺寸<br>   - <strong>方法</strong>：双线性插值、最近邻插值<br>   - <strong>优化</strong>：使用 GPU/NPU 加速的 Resize<br><br>4. <strong>归一化</strong>：<br>   - <strong>像素值归一化</strong>：[0, 255] → [0, 1] 或 [-1, 1]<br>   - <strong>标准化</strong>：(pixel - mean) / std<br>   - <strong>常见均值</strong>：[0.485, 0.456, 0.406]（ImageNet）<br>   - <strong>常见标准差</strong>：[0.229, 0.224, 0.225]<br><br>5. <strong>数据增强</strong>（训练时）：<br>   - <strong>随机裁剪、翻转、旋转</strong><br>   - <strong>颜色抖动、噪声添加</strong><br><br>边缘设备优化：<br>1. <strong>硬件加速</strong>：<br>   - <strong>GPU/NPU Resize</strong>：使用硬件加速的 Resize<br>   - <strong>DMA 传输</strong>：直接内存访问，减少 CPU 拷贝<br><br>2. <strong>预处理融合</strong>：<br>   - <strong>YUV → RGB + Resize</strong>：融合成一个操作<br>   - <strong>归一化融合到模型</strong>：将归一化参数合并到模型第一层<br><br>3. <strong>零拷贝</strong>：<br>   - <strong>内存映射</strong>：直接访问摄像头缓冲区<br>   - <strong>避免中间拷贝</strong>：减少内存拷贝次数<br><br>4. <strong>流水线并行</strong>：<br>   - <strong>预处理和推理并行</strong>：当前帧推理时，预处理下一帧<br>   - <strong>多线程</strong>：预处理和推理在不同线程<br><br>代码示例（优化后）：<br><pre><code style=""white-space: pre; font-family: monospace; text-align: left; display: block; background-color: #f5f5f5; padding: 10px; border-radius: 4px; overflow-x: auto;"">// 使用 GPU/NPU 加速的预处理<br>cv::cuda::GpuMat gpu_image;<br>gpu_image.upload(camera_frame);<br>cv::cuda::resize(gpu_image, gpu_resized, cv::Size(640, 640));<br>cv::cuda::cvtColor(gpu_resized, gpu_rgb, cv::COLOR_YUV2RGB_NV12);<br>// 归一化融合到模型第一层，避免单独计算<br></code></pre></div>",视觉任务与数据处理-图像预处理
"<div style=""text-align: left;"">目标检测的后处理包括哪些步骤？在边缘设备上如何优化？</div>","<div style=""text-align: left;"">后处理步骤：<br>1. <strong>NMS（Non-Maximum Suppression）</strong>：<br>   - <strong>目的</strong>：去除重复检测框<br>   - <strong>原理</strong>：<br>     - 按置信度排序<br>     - 选择置信度最高的框<br>     - 移除与选中框 IoU &gt; 阈值的框<br>     - 重复直到处理完所有框<br>   - <strong>IoU 阈值</strong>：通常 0.5-0.7<br><br>2. <strong>目标跟踪</strong>：<br>   - <strong>目的</strong>：关联不同帧中的同一目标<br>   - <strong>方法</strong>：<br>     - <strong>Kalman 滤波</strong>：预测目标位置<br>     - <strong>DeepSORT</strong>：结合深度特征的跟踪<br>     - <strong>ByteTrack</strong>：简单高效的跟踪算法<br>   - <strong>关联指标</strong>：IoU、特征相似度、运动一致性<br><br>3. <strong>多目标管理</strong>：<br>   - <strong>目标 ID 分配</strong>：为新目标分配唯一 ID<br>   - <strong>目标生命周期管理</strong>：创建、更新、删除目标<br>   - <strong>轨迹平滑</strong>：使用滤波算法平滑轨迹<br><br>边缘设备优化：<br>1. <strong>NMS 优化</strong>：<br>   - <strong>快速 NMS</strong>：使用 GPU 加速的 NMS（如 CUDA NMS）<br>   - <strong>Soft-NMS</strong>：使用软抑制，避免漏检<br>   - <strong>NMS 阈值调整</strong>：根据场景调整阈值，平衡精度和速度<br><br>2. <strong>跟踪优化</strong>：<br>   - <strong>轻量级跟踪器</strong>：使用简单的 Kalman 滤波代替 DeepSORT<br>   - <strong>特征缓存</strong>：缓存目标特征，避免重复提取<br>   - <strong>跟踪频率降低</strong>：不是每帧都跟踪，降低跟踪频率<br><br>3. <strong>多目标管理优化</strong>：<br>   - <strong>目标池管理</strong>：使用对象池，减少内存分配<br>   - <strong>异步处理</strong>：跟踪和多目标管理异步执行<br>   - <strong>简化规则</strong>：简化目标创建和删除规则<br><br>4. <strong>后处理融合</strong>：<br>   - <strong>NMS + 跟踪融合</strong>：在 NMS 时同时进行跟踪关联<br>   - <strong>减少数据拷贝</strong>：直接操作检测结果，避免中间拷贝<br><br>代码示例（优化后）：<br><pre><code style=""white-space: pre; font-family: monospace; text-align: left; display: block; background-color: #f5f5f5; padding: 10px; border-radius: 4px; overflow-x: auto;"">// GPU 加速的 NMS<br>std::vector&lt;cv::Rect&gt; boxes;<br>std::vector&lt;float&gt; scores;<br>cv::cuda::GpuMat d_boxes, d_scores;<br>// ... 准备数据 ...<br>cv::cuda::NMSBoxes(d_boxes, d_scores, score_threshold, nms_threshold, indices);<br><br>// 轻量级跟踪<br>for (auto&amp; track : tracks) {<br>    track.predict();  // Kalman 预测<br>    track.update(detection);  // 更新<br>}<br></code></pre><br><br>性能指标：<br>- <strong>NMS 时间</strong>：通常 &lt; 1ms（GPU 加速）<br>- <strong>跟踪延迟</strong>：通常 &lt; 2ms（轻量级跟踪器）<br>- <strong>内存占用</strong>：目标管理数据结构大小</div>",视觉任务与数据处理-后处理（NMS、跟踪、多目标管理）
"<div style=""text-align: left;"">瑞芯微（Rockchip）平台的特点是什么？如何进行模型部署和优化？</div>","<div style=""text-align: left;"">瑞芯微平台特点：<br>1. <strong>主流芯片</strong>：<br>   - <strong>RK3588</strong>：8 核 CPU（4×Cortex-A76 + 4×Cortex-A55），6 TOPS NPU<br>   - <strong>RK3566/RK3568</strong>：4 核 CPU（Cortex-A55），1 TOPS NPU<br>   - <strong>RK3399</strong>：6 核 CPU（2×Cortex-A72 + 4×Cortex-A53），无专用 NPU<br><br>2. <strong>NPU 特点</strong>：<br>   - <strong>RKNN 架构</strong>：瑞芯微自研的神经网络加速器<br>   - <strong>支持 INT8/FP16</strong>：量化支持好<br>   - <strong>算子支持</strong>：支持常见 CNN 算子，Transformer 支持有限<br><br>3. <strong>开发环境</strong>：<br>   - <strong>RKNN-Toolkit2</strong>：PC 端模型转换工具<br>   - <strong>RKNNToolkitLite2</strong>：设备端运行时库<br>   - <strong>支持平台</strong>：Android、Linux<br><br>模型部署流程：<br>1. <strong>模型转换</strong>：<br>   <pre><code style=""white-space: pre; font-family: monospace; text-align: left; display: block; background-color: #f5f5f5; padding: 10px; border-radius: 4px; overflow-x: auto;"">   from rknn.api import RKNN<br>   rknn = RKNN()<br>   rknn.config(channel_mean_value=&#x27;0 0 0 255&#x27;, reorder_channel=&#x27;0 1 2&#x27;)<br>   rknn.load_onnx(model=&#x27;model.onnx&#x27;)<br>   rknn.build(do_quantization=True, dataset=&#x27;./dataset.txt&#x27;)<br>   rknn.export_rknn(&#x27;model.rknn&#x27;)<br>   </code></pre><br><br>2. <strong>设备端推理</strong>：<br>   <pre><code style=""white-space: pre; font-family: monospace; text-align: left; display: block; background-color: #f5f5f5; padding: 10px; border-radius: 4px; overflow-x: auto;"">   #include &quot;rknn_api.h&quot;<br>   rknn_context ctx;<br>   rknn_init(&amp;ctx, &quot;model.rknn&quot;, 0, 0, NULL);<br>   rknn_input inputs[1];<br>   rknn_output outputs[1];<br>   rknn_run(ctx, NULL);<br>   rknn_outputs_get(ctx, 1, outputs, NULL);<br>   </code></pre><br><br>优化策略：<br>- <strong>量化</strong>：使用 INT8 量化，速度提升 2-4 倍<br>- <strong>算子融合</strong>：RKNN 会自动进行算子融合<br>- <strong>内存优化</strong>：使用零拷贝，减少内存拷贝<br>- <strong>多线程</strong>：充分利用 CPU 和 NPU 并行<br><br>常见问题：<br>- <strong>算子不支持</strong>：检查 RKNN 算子支持列表，使用替代算子<br>- <strong>精度掉点</strong>：调整量化策略，使用混合精度<br>- <strong>性能瓶颈</strong>：使用 `rknn.eval_perf()` 分析性能</div>",嵌入式与工具链-瑞芯微平台
"<div style=""text-align: left;"">高通（Qualcomm）Snapdragon 平台的 AI 能力是什么？如何使用 SNPE/QNN 进行部署？</div>","<div style=""text-align: left;"">高通平台 AI 能力：<br>1. <strong>AI Engine（NPU）</strong>：<br>   - <strong>Snapdragon 8 Gen 2/3</strong>：集成 Hexagon NPU，算力 30+ TOPS<br>   - <strong>支持 INT8/FP16</strong>：量化支持完善<br>   - <strong>多后端支持</strong>：DSP、GPU、NPU、CPU<br><br>2. <strong>推理引擎</strong>：<br>   - <strong>SNPE（Snapdragon Neural Processing Engine）</strong>：<br>     - 成熟稳定，文档完善<br>     - 支持 DSP/GPU/CPU 后端<br>   - <strong>QNN（Qualcomm Neural Network）</strong>：<br>     - 新一代引擎，专为 NPU 优化<br>     - 性能更好，支持更复杂的模型<br><br>3. <strong>开发工具</strong>：<br>   - <strong>SNPE SDK</strong>：模型转换和推理工具<br>   - <strong>QNN Model Library</strong>：QNN 模型转换工具<br>   - <strong>Hexagon SDK</strong>：DSP 开发工具<br><br>SNPE 部署流程：<br>1. <strong>模型转换</strong>：<br>   <pre><code style=""white-space: pre; font-family: monospace; text-align: left; display: block; background-color: #f5f5f5; padding: 10px; border-radius: 4px; overflow-x: auto;"">   snpe-onnx-to-dlc --input_model model.onnx --output_path model.dlc<br>   </code></pre><br><br>2. <strong>量化</strong>：<br>   <pre><code style=""white-space: pre; font-family: monospace; text-align: left; display: block; background-color: #f5f5f5; padding: 10px; border-radius: 4px; overflow-x: auto;"">   snpe-dlc-quantize --input_dlc model.dlc --input_list images.txt --output_dlc model_quantized.dlc<br>   </code></pre><br><br>3. <strong>推理</strong>：<br>   <pre><code style=""white-space: pre; font-family: monospace; text-align: left; display: block; background-color: #f5f5f5; padding: 10px; border-radius: 4px; overflow-x: auto;"">   #include &quot;SNPE/SNPE.hpp&quot;<br>   auto container = zdl::SNPE::SNPEFactory::getContainerFromFile(&quot;model.dlc&quot;);<br>   auto snpe = zdl::SNPE::SNPEFactory::getSNPE(container, inputMap, outputMap, &quot;DSP&quot;);<br>   snpe-&gt;execute(inputMap, outputMap);<br>   </code></pre><br><br>QNN 部署流程：<br>1. <strong>模型转换</strong>：使用 QNN Model Library 转换为 QNN 格式<br>2. <strong>编译</strong>：使用 QNN 编译器生成针对特定芯片的二进制<br>3. <strong>推理</strong>：使用 QNN Runtime API 加载和执行<br><br>优化策略：<br>- <strong>后端选择</strong>：NPU &gt; DSP &gt; GPU &gt; CPU（性能排序）<br>- <strong>量化</strong>：使用 INT8 量化，充分利用 NPU<br>- <strong>算子融合</strong>：SNPE/QNN 会自动进行算子融合<br>- <strong>内存优化</strong>：使用 ION 内存，零拷贝<br><br>常见问题：<br>- <strong>算子不支持</strong>：查看 SNPE/QNN 算子支持列表<br>- <strong>精度问题</strong>：调整量化参数，使用校准数据集<br>- <strong>性能优化</strong>：选择合适的执行后端，使用 profiling 工具</div>",嵌入式与工具链-高通平台
"<div style=""text-align: left;"">NVIDIA Jetson 平台的特点是什么？如何使用 TensorRT 进行模型部署？</div>","<div style=""text-align: left;"">Jetson 平台特点：<br>1. <strong>主流型号</strong>：<br>   - <strong>Jetson AGX Orin</strong>：2048 CUDA cores，275 TOPS（INT8）<br>   - <strong>Jetson Xavier NX</strong>：384 CUDA cores，21 TOPS（INT8）<br>   - <strong>Jetson Nano</strong>：128 CUDA cores，0.5 TOPS（FP16）<br><br>2. <strong>GPU 架构</strong>：<br>   - <strong>CUDA 支持</strong>：完整的 CUDA 支持<br>   - <strong>Tensor Cores</strong>：支持 INT8/FP16 加速<br>   - <strong>内存带宽</strong>：高带宽内存，适合大模型<br><br>3. <strong>开发环境</strong>：<br>   - <strong>JetPack SDK</strong>：包含 CUDA、cuDNN、TensorRT<br>   - <strong>TensorRT</strong>：NVIDIA 的推理优化库<br>   - <strong>支持框架</strong>：PyTorch、TensorFlow、ONNX<br><br>TensorRT 部署流程：<br>1. <strong>模型转换</strong>：<br>   <pre><code style=""white-space: pre; font-family: monospace; text-align: left; display: block; background-color: #f5f5f5; padding: 10px; border-radius: 4px; overflow-x: auto;"">   import tensorrt as trt<br>   builder = trt.Builder(logger)<br>   network = builder.create_network()<br>   parser = trt.OnnxParser(network, logger)<br>   parser.parse_from_file(&#x27;model.onnx&#x27;)<br>   config = builder.create_builder_config()<br>   config.set_flag(trt.BuilderFlag.INT8)<br>   engine = builder.build_engine(network, config)<br>   </code></pre><br><br>2. <strong>推理</strong>：<br>   <pre><code style=""white-space: pre; font-family: monospace; text-align: left; display: block; background-color: #f5f5f5; padding: 10px; border-radius: 4px; overflow-x: auto;"">   context = engine.create_execution_context()<br>   context.execute_async_v2(bindings, stream)<br>   </code></pre><br><br>优化策略：<br>- <strong>TensorRT 优化</strong>：自动进行算子融合、内核调优<br>- <strong>量化</strong>：使用 INT8 量化，速度提升 4 倍<br>- <strong>动态形状</strong>：使用 TensorRT 的动态形状支持<br>- <strong>多流并行</strong>：使用多个 CUDA stream 并行推理<br><br>性能分析：<br>- <strong>Nsight Systems</strong>：分析 GPU 利用率、内存带宽<br>- <strong>TensorRT Profiler</strong>：分析模型性能瓶颈<br>- <strong>PyTorch Profiler</strong>：分析端到端性能<br><br>常见问题：<br>- <strong>算子不支持</strong>：使用 TensorRT 插件实现自定义算子<br>- <strong>精度问题</strong>：调整量化校准方法<br>- <strong>性能瓶颈</strong>：使用 Nsight Systems 分析，优化数据流</div>",嵌入式与工具链-Jetson 平台
"<div style=""text-align: left;"">什么是交叉编译？在边缘 AI 部署中如何进行交叉编译？</div>","<div style=""text-align: left;"">交叉编译概念：<br>1. <strong>定义</strong>：<br>   - <strong>本地编译</strong>：在目标平台上编译（如 x86 编译 x86）<br>   - <strong>交叉编译</strong>：在主机平台编译目标平台的程序（如 x86 编译 ARM）<br>   - <strong>原理</strong>：使用目标平台的工具链（编译器、链接器、库）<br><br>2. <strong>为什么需要交叉编译</strong>：<br>   - <strong>资源限制</strong>：边缘设备计算资源有限，不适合编译<br>   - <strong>开发效率</strong>：PC 端编译速度快，工具完善<br>   - <strong>统一环境</strong>：团队使用统一的编译环境<br><br>交叉编译工具链：<br>1. <strong>ARM 工具链</strong>：<br>   - <strong>GCC ARM</strong>：`arm-linux-gnueabihf-gcc`<br>   - <strong>Clang</strong>：支持交叉编译<br>   - <strong>Android NDK</strong>：Android 平台开发工具<br><br>2. <strong>配置方法</strong>：<br>   <pre><code style=""white-space: pre; font-family: monospace; text-align: left; display: block; background-color: #f5f5f5; padding: 10px; border-radius: 4px; overflow-x: auto;"">   # 设置交叉编译器<br>   export CC=arm-linux-gnueabihf-gcc<br>   export CXX=arm-linux-gnueabihf-g++<br>   export AR=arm-linux-gnueabihf-ar<br>   <br>   # 配置 CMake<br>   cmake -DCMAKE_C_COMPILER=arm-linux-gnueabihf-gcc \<br>         -DCMAKE_CXX_COMPILER=arm-linux-gnueabihf-g++ \<br>         -DCMAKE_SYSTEM_NAME=Linux \<br>         -DCMAKE_SYSTEM_PROCESSOR=arm ..<br>   </code></pre><br><br>3. <strong>依赖库</strong>：<br>   - <strong>静态链接</strong>：将所有库静态链接，避免运行时依赖<br>   - <strong>动态链接</strong>：使用目标平台的动态库，需要部署库文件<br><br>边缘 AI 部署中的交叉编译：<br>1. <strong>推理引擎编译</strong>：<br>   - <strong>ONNX Runtime</strong>：使用交叉编译构建<br>   - <strong>TensorRT</strong>：通常使用预编译版本<br>   - <strong>RKNN Runtime</strong>：使用瑞芯微提供的交叉编译工具链<br><br>2. <strong>自定义算子编译</strong>：<br>   - <strong>CUDA Kernel</strong>：使用 NVCC 交叉编译<br>   - <strong>OpenCL Kernel</strong>：使用目标平台的 OpenCL 编译器<br><br>3. <strong>Python 扩展</strong>：<br>   - <strong>Cython</strong>：编译为 C 扩展，再交叉编译<br>   - <strong>PyBind11</strong>：C++ 绑定，交叉编译为 .so<br><br>常见问题：<br>- <strong>库依赖</strong>：确保所有依赖库都交叉编译或使用静态链接<br>- <strong>架构匹配</strong>：确保目标架构正确（ARMv7、ARMv8、Thumb）<br>- <strong>浮点支持</strong>：选择正确的浮点 ABI（hard-float、soft-float）</div>",嵌入式与工具链-交叉编译
"<div style=""text-align: left;"">在嵌入式 Android/Linux 平台上，驱动开发和系统移植的基本流程是什么？</div>","<div style=""text-align: left;"">驱动开发基础：<br>1. <strong>Linux 驱动类型</strong>：<br>   - <strong>字符设备驱动</strong>：摄像头、传感器等<br>   - <strong>块设备驱动</strong>：存储设备<br>   - <strong>网络设备驱动</strong>：网络接口<br>   - <strong>平台设备驱动</strong>：SoC 特定设备（NPU、GPU）<br><br>2. <strong>驱动基本结构</strong>：<br>   <pre><code style=""white-space: pre; font-family: monospace; text-align: left; display: block; background-color: #f5f5f5; padding: 10px; border-radius: 4px; overflow-x: auto;"">   #include &lt;linux/module.h&gt;<br>   #include &lt;linux/kernel.h&gt;<br>   #include &lt;linux/fs.h&gt;<br>   <br>   // 设备文件操作<br>   static struct file_operations fops = {<br>       .owner = THIS_MODULE,<br>       .open = device_open,<br>       .read = device_read,<br>       .write = device_write,<br>       .release = device_release,<br>   };<br>   <br>   // 模块初始化<br>   static int __init driver_init(void) {<br>       // 注册设备、分配资源<br>       return 0;<br>   }<br>   <br>   // 模块退出<br>   static void __exit driver_exit(void) {<br>       // 释放资源、注销设备<br>   }<br>   <br>   module_init(driver_init);<br>   module_exit(driver_exit);<br>   </code></pre><br><br>3. <strong>设备树（Device Tree）</strong>：<br>   <pre><code style=""white-space: pre; font-family: monospace; text-align: left; display: block; background-color: #f5f5f5; padding: 10px; border-radius: 4px; overflow-x: auto;"">   // 设备树节点定义<br>   npu@ff100000 {<br>       compatible = &quot;rockchip,rk3588-npu&quot;;<br>       reg = &lt;0x0 0xff100000 0x0 0x100000&gt;;<br>       interrupts = &lt;GIC_SPI 110 IRQ_TYPE_LEVEL_HIGH&gt;;<br>       clocks = &lt;&amp;cru ACLK_NPU&gt;;<br>       power-domains = &lt;&amp;power RK3588_PD_NPU&gt;;<br>   };<br>   </code></pre><br><br>系统移植流程：<br>1. <strong>Bootloader 移植</strong>：<br>   - <strong>U-Boot</strong>：最常用的 Bootloader<br>   - <strong>功能</strong>：初始化硬件、加载内核、传递设备树<br>   - <strong>配置</strong>：修改板级配置文件（defconfig）<br><br>2. <strong>内核移植</strong>：<br>   - <strong>获取内核源码</strong>：从芯片厂商或社区获取<br>   - <strong>配置内核</strong>：`make menuconfig` 或 `make defconfig`<br>   - <strong>编译内核</strong>：`make zImage` 或 `make Image`<br>   - <strong>设备树编译</strong>：`make dtbs`<br><br>3. <strong>根文件系统（RootFS）</strong>：<br>   - <strong>Buildroot</strong>：自动化构建根文件系统<br>   - <strong>Yocto</strong>：更强大的构建系统<br>   - <strong>Debian/Ubuntu</strong>：使用现成的发行版<br><br>4. <strong>驱动集成</strong>：<br>   - <strong>内核驱动</strong>：编译进内核或作为模块<br>   - <strong>用户空间驱动</strong>：通过 sysfs、ioctl 等接口<br><br>Android 平台移植：<br>1. <strong>AOSP（Android Open Source Project）</strong>：<br>   - <strong>获取源码</strong>：从 Google 或芯片厂商获取<br>   - <strong>配置设备</strong>：创建设备配置文件<br>   - <strong>编译系统</strong>：使用 `lunch` 选择目标，`m` 编译<br><br>2. <strong>HAL（Hardware Abstraction Layer）</strong>：<br>   <pre><code style=""white-space: pre; font-family: monospace; text-align: left; display: block; background-color: #f5f5f5; padding: 10px; border-radius: 4px; overflow-x: auto;"">   // HAL 接口实现<br>   struct npu_device_t {<br>       struct hw_device_t common;<br>       int (*init)(struct npu_device_t* dev);<br>       int (*infer)(struct npu_device_t* dev, void* input, void* output);<br>   };<br>   </code></pre><br><br>3. <strong>BSP（Board Support Package）</strong>：<br>   - <strong>设备树</strong>：定义硬件资源<br>   - <strong>内核配置</strong>：启用所需驱动和功能<br>   - <strong>HAL 实现</strong>：实现硬件抽象层<br><br>常见移植任务：<br>1. <strong>NPU 驱动移植</strong>：<br>   - <strong>寄存器映射</strong>：映射 NPU 寄存器到用户空间<br>   - <strong>中断处理</strong>：处理 NPU 中断<br>   - <strong>内存管理</strong>：NPU 内存分配和管理<br>   - <strong>命令队列</strong>：实现命令提交和执行<br><br>2. <strong>摄像头驱动</strong>：<br>   - <strong>V4L2（Video4Linux2）</strong>：Linux 视频设备接口<br>   - <strong>MIPI CSI</strong>：摄像头接口驱动<br>   - <strong>ISP（Image Signal Processor）</strong>：图像信号处理<br><br>3. <strong>显示驱动</strong>：<br>   - <strong>DRM（Direct Rendering Manager）</strong>：现代显示驱动框架<br>   - <strong>FBDEV（Framebuffer Device）</strong>：传统显示驱动<br><br>调试方法：<br>- <strong>内核日志</strong>：`dmesg` 查看内核消息<br>- <strong>设备树调试</strong>：`/proc/device-tree` 查看设备树<br>- <strong>驱动测试</strong>：编写测试程序验证驱动功能<br>- <strong>硬件调试</strong>：使用示波器、逻辑分析仪等工具</div>",嵌入式与工具链-驱动与系统移植
"<div style=""text-align: left;"">边缘 AI 部署中需要开发哪些工具和脚本？如何设计可复用的工具链？</div>","<div style=""text-align: left;"">工具链组件：<br>1. <strong>模型转换工具</strong>：<br>   - <strong>格式转换</strong>：PyTorch → ONNX → RKNN/SNPE/TensorRT<br>   - <strong>批量转换</strong>：支持批量处理多个模型<br>   - <strong>配置管理</strong>：量化参数、输入输出配置<br><br>2. <strong>量化工具</strong>：<br>   - <strong>校准数据集准备</strong>：自动收集和预处理校准数据<br>   - <strong>量化参数调优</strong>：自动搜索最优量化参数<br>   - <strong>精度验证</strong>：量化后模型精度验证<br><br>3. <strong>部署工具</strong>：<br>   - <strong>模型打包</strong>：将模型和依赖打包<br>   - <strong>自动部署</strong>：通过 ADB/SSH 自动部署到设备<br>   - <strong>版本管理</strong>：模型版本管理和回滚<br><br>4. <strong>测试工具</strong>：<br>   - <strong>性能测试</strong>：FPS、延迟、内存占用测试<br>   - <strong>精度测试</strong>：在测试集上验证精度<br>   - <strong>压力测试</strong>：长时间运行稳定性测试<br><br>脚本开发最佳实践：<br>1. <strong>Python 脚本</strong>：<br>   <pre><code style=""white-space: pre; font-family: monospace; text-align: left; display: block; background-color: #f5f5f5; padding: 10px; border-radius: 4px; overflow-x: auto;"">   # 模型转换脚本示例<br>   import argparse<br>   from model_converter import convert_model<br>   <br>   def main():<br>       parser = argparse.ArgumentParser()<br>       parser.add_argument(&#x27;--input&#x27;, required=True)<br>       parser.add_argument(&#x27;--output&#x27;, required=True)<br>       parser.add_argument(&#x27;--quantize&#x27;, action=&#x27;store_true&#x27;)<br>       args = parser.parse_args()<br>       <br>       convert_model(args.input, args.output, quantize=args.quantize)<br>   <br>   if __name__ == &#x27;__main__&#x27;:<br>       main()<br>   </code></pre><br><br>2. <strong>Shell 脚本</strong>：<br>   <pre><code style=""white-space: pre; font-family: monospace; text-align: left; display: block; background-color: #f5f5f5; padding: 10px; border-radius: 4px; overflow-x: auto;"">   #!/bin/bash<br>   # 批量部署脚本<br>   for model in models/*.rknn; do<br>       echo &quot;Deploying $model&quot;<br>       adb push &quot;$model&quot; /data/local/tmp/<br>       adb shell &quot;chmod 755 /data/local/tmp/$(basename $model)&quot;<br>   done<br>   </code></pre><br><br>3. <strong>配置管理</strong>：<br>   - <strong>YAML 配置</strong>：模型配置、量化参数、部署配置<br>   - <strong>环境变量</strong>：设备 IP、路径等配置<br>   - <strong>命令行参数</strong>：灵活的脚本参数<br><br>可复用工具链设计：<br>1. <strong>模块化设计</strong>：<br>   - <strong>转换模块</strong>：独立的模型转换模块<br>   - <strong>量化模块</strong>：可插拔的量化策略<br>   - <strong>部署模块</strong>：支持多种部署方式<br><br>2. <strong>配置驱动</strong>：<br>   - <strong>配置文件</strong>：使用 YAML/JSON 配置<br>   - <strong>模板系统</strong>：支持配置模板<br>   - <strong>参数验证</strong>：配置参数验证和默认值<br><br>3. <strong>日志和监控</strong>：<br>   - <strong>日志系统</strong>：统一的日志格式和级别<br>   - <strong>进度显示</strong>：长时间任务的进度显示<br>   - <strong>错误处理</strong>：完善的错误处理和报告<br><br>4. <strong>文档和示例</strong>：<br>   - <strong>使用文档</strong>：详细的工具使用文档<br>   - <strong>示例脚本</strong>：常见场景的示例脚本<br>   - <strong>最佳实践</strong>：总结最佳实践和常见问题<br><br>工具链示例结构：<br><pre><code style=""white-space: pre; font-family: monospace; text-align: left; display: block; background-color: #f5f5f5; padding: 10px; border-radius: 4px; overflow-x: auto;"">tools/<br>├── convert/          # 模型转换工具<br>├── quantize/         # 量化工具<br>├── deploy/           # 部署工具<br>├── test/             # 测试工具<br>├── utils/            # 工具函数<br>└── configs/          # 配置文件<br></code></pre></div>",嵌入式与工具链-工具链与脚本开发
"<div style=""text-align: left;"">在边缘 AI 开发中，C/C++ 编程需要掌握哪些核心技能？特别是指针、内存管理和多线程编程？</div>","<div style=""text-align: left;"">指针与内存管理：<br>1. <strong>指针基础</strong>：<br>   <pre><code style=""white-space: pre; font-family: monospace; text-align: left; display: block; background-color: #f5f5f5; padding: 10px; border-radius: 4px; overflow-x: auto;"">   // 指针声明和使用<br>   int* ptr;           // 指向 int 的指针<br>   int value = 42;<br>   ptr = &amp;value;      // 取地址<br>   int result = *ptr;  // 解引用<br>   <br>   // 空指针检查（重要！）<br>   if (ptr != nullptr) {<br>       *ptr = 100;<br>   }<br>   </code></pre><br><br>2. <strong>内存分配</strong>：<br>   <pre><code style=""white-space: pre; font-family: monospace; text-align: left; display: block; background-color: #f5f5f5; padding: 10px; border-radius: 4px; overflow-x: auto;"">   // C 风格<br>   int* arr = (int*)malloc(10 * sizeof(int));<br>   // 使用后必须释放<br>   free(arr);<br>   <br>   // C++ 风格（推荐）<br>   int* arr = new int[10];<br>   delete[] arr;<br>   <br>   // 智能指针（C++11+，推荐）<br>   std::unique_ptr&lt;int[]&gt; arr(new int[10]);<br>   // 自动释放，无需手动 delete<br>   </code></pre><br><br>3. <strong>常见内存错误</strong>：<br>   - <strong>内存泄漏</strong>：分配后未释放<br>   - <strong>双重释放</strong>：同一块内存释放两次<br>   - <strong>悬空指针</strong>：使用已释放的内存<br>   - <strong>野指针</strong>：未初始化的指针<br><br>4. <strong>内存管理最佳实践</strong>：<br>   <pre><code style=""white-space: pre; font-family: monospace; text-align: left; display: block; background-color: #f5f5f5; padding: 10px; border-radius: 4px; overflow-x: auto;"">   // 使用 RAII（Resource Acquisition Is Initialization）<br>   class Buffer {<br>   private:<br>       void* data_;<br>       size_t size_;<br>   public:<br>       Buffer(size_t size) : size_(size) {<br>           data_ = malloc(size);<br>           if (!data_) throw std::bad_alloc();<br>       }<br>       ~Buffer() {<br>           free(data_);  // 析构时自动释放<br>       }<br>       // 禁用拷贝，避免双重释放<br>       Buffer(const Buffer&amp;) = delete;<br>       Buffer&amp; operator=(const Buffer&amp;) = delete;<br>   };<br>   </code></pre><br><br>多线程编程：<br>1. <strong>C++11 线程</strong>：<br>   <pre><code style=""white-space: pre; font-family: monospace; text-align: left; display: block; background-color: #f5f5f5; padding: 10px; border-radius: 4px; overflow-x: auto;"">   #include &lt;thread&gt;<br>   #include &lt;mutex&gt;<br>   #include &lt;condition_variable&gt;<br>   <br>   // 创建线程<br>   void worker_function(int id) {<br>       std::cout &lt;&lt; &quot;Thread &quot; &lt;&lt; id &lt;&lt; &quot; running\n&quot;;<br>   }<br>   <br>   std::thread t1(worker_function, 1);<br>   std::thread t2(worker_function, 2);<br>   t1.join();  // 等待线程完成<br>   t2.join();<br>   </code></pre><br><br>2. <strong>互斥锁（Mutex）</strong>：<br>   <pre><code style=""white-space: pre; font-family: monospace; text-align: left; display: block; background-color: #f5f5f5; padding: 10px; border-radius: 4px; overflow-x: auto;"">   std::mutex mtx;<br>   int shared_data = 0;<br>   <br>   void increment() {<br>       std::lock_guard&lt;std::mutex&gt; lock(mtx);  // 自动加锁<br>       shared_data++;  // 临界区<br>       // lock 析构时自动解锁<br>   }<br>   </code></pre><br><br>3. <strong>条件变量（Condition Variable）</strong>：<br>   <pre><code style=""white-space: pre; font-family: monospace; text-align: left; display: block; background-color: #f5f5f5; padding: 10px; border-radius: 4px; overflow-x: auto;"">   std::condition_variable cv;<br>   std::mutex mtx;<br>   bool ready = false;<br>   <br>   // 生产者<br>   void producer() {<br>       std::lock_guard&lt;std::mutex&gt; lock(mtx);<br>       ready = true;<br>       cv.notify_one();  // 通知等待的线程<br>   }<br>   <br>   // 消费者<br>   void consumer() {<br>       std::unique_lock&lt;std::mutex&gt; lock(mtx);<br>       cv.wait(lock, []{ return ready; });  // 等待条件满足<br>       // 处理数据<br>   }<br>   </code></pre><br><br>4. <strong>线程安全的数据结构</strong>：<br>   <pre><code style=""white-space: pre; font-family: monospace; text-align: left; display: block; background-color: #f5f5f5; padding: 10px; border-radius: 4px; overflow-x: auto;"">   #include &lt;queue&gt;<br>   #include &lt;thread&gt;<br>   <br>   template&lt;typename T&gt;<br>   class ThreadSafeQueue {<br>   private:<br>       std::queue&lt;T&gt; queue_;<br>       std::mutex mtx_;<br>       std::condition_variable cv_;<br>   public:<br>       void push(T item) {<br>           std::lock_guard&lt;std::mutex&gt; lock(mtx_);<br>           queue_.push(item);<br>           cv_.notify_one();<br>       }<br>       <br>       T pop() {<br>           std::unique_lock&lt;std::mutex&gt; lock(mtx_);<br>           cv_.wait(lock, [this]{ return !queue_.empty(); });<br>           T item = queue_.front();<br>           queue_.pop();<br>           return item;<br>       }<br>   };<br>   </code></pre><br><br>5. <strong>异步执行</strong>：<br>   <pre><code style=""white-space: pre; font-family: monospace; text-align: left; display: block; background-color: #f5f5f5; padding: 10px; border-radius: 4px; overflow-x: auto;"">   #include &lt;future&gt;<br>   #include &lt;async&gt;<br>   <br>   // 异步执行<br>   auto future = std::async(std::launch::async, []() {<br>       // 耗时操作<br>       return compute_result();<br>   });<br>   <br>   // 做其他事情...<br>   auto result = future.get();  // 获取结果<br>   </code></pre><br><br>边缘 AI 应用场景：<br>1. <strong>多线程推理</strong>：<br>   - 预处理线程、推理线程、后处理线程并行<br>   - 使用队列传递数据，避免数据竞争<br><br>2. <strong>内存池管理</strong>：<br>   - 预分配内存池，避免频繁分配释放<br>   - 使用对象池管理临时对象<br><br>3. <strong>异步 I/O</strong>：<br>   - 摄像头数据采集和推理异步执行<br>   - 使用条件变量同步数据流<br><br>常见陷阱：<br>- <strong>死锁</strong>：多个锁的获取顺序不一致<br>- <strong>竞态条件</strong>：共享数据未加锁访问<br>- <strong>虚假唤醒</strong>：条件变量等待时未检查条件<br>- <strong>线程泄漏</strong>：创建线程后未 join 或 detach</div>",嵌入式与工具链-C/C++ 编程基础
"<div style=""text-align: left;"">边缘 AI 推理中常用的 Profiling 工具有哪些？如何使用？</div>","<div style=""text-align: left;"">常用 Profiling 工具：<br>1. <strong>通用 Profiling 工具</strong>：<br>   - <strong>perf（Linux）</strong>：<br>     - 功能：CPU 性能分析，支持硬件性能计数器<br>     - 使用：`perf record ./inference`、`perf report`<br>     - 指标：CPU 利用率、缓存命中率、分支预测<br>   <br>   - <strong>gprof</strong>：<br>     - 功能：函数级性能分析<br>     - 使用：编译时加 `-pg`，运行后生成 `gmon.out`<br>     - 指标：函数调用次数、执行时间<br><br>2. <strong>GPU/NPU Profiling 工具</strong>：<br>   - <strong>Nsight Systems（NVIDIA）</strong>：<br>     - 功能：GPU 性能分析，时间线视图<br>     - 使用：`nsys profile ./inference`<br>     - 指标：GPU 利用率、内存带宽、kernel 执行时间<br>   <br>   - <strong>RKNN Profiler</strong>：<br>     - 功能：RKNN 模型性能分析<br>     - 使用：`rknn.eval_perf()` 或 `rknn_toolkit2` 工具<br>     - 指标：各层执行时间、内存占用<br>   <br>   - <strong>SNPE Profiler</strong>：<br>     - 功能：SNPE 模型性能分析<br>     - 使用：`snpe-dlc-info`、`snpe-net-run`<br>     - 指标：各层执行时间、后端利用率<br><br>3. <strong>内存分析工具</strong>：<br>   - <strong>Valgrind</strong>：<br>     - 功能：内存泄漏检测、内存使用分析<br>     - 使用：`valgrind --leak-check=full ./inference`<br>     - 指标：内存泄漏、内存使用峰值<br>   <br>   - <strong>heaptrack</strong>：<br>     - 功能：堆内存分析<br>     - 使用：`heaptrack ./inference`<br>     - 指标：内存分配、内存峰值<br><br>4. <strong>系统监控工具</strong>：<br>   - <strong>htop/top</strong>：CPU、内存实时监控<br>   - <strong>iostat</strong>：I/O 统计<br>   - <strong>nvidia-smi</strong>：NVIDIA GPU 监控<br>   - <strong>adb shell dumpsys</strong>：Android 系统信息<br><br>使用流程：<br>1. <strong>基线测试</strong>：先运行一次，记录基线性能<br>2. <strong>Profiling</strong>：使用工具收集性能数据<br>3. <strong>分析</strong>：识别性能瓶颈（CPU、GPU、内存、I/O）<br>4. <strong>优化</strong>：针对瓶颈进行优化<br>5. <strong>验证</strong>：再次 Profiling，验证优化效果</div>",调试与性能分析-Profiling 工具
"<div style=""text-align: left;"">如何分析边缘 AI 推理的性能瓶颈？常见的瓶颈有哪些？</div>","<div style=""text-align: left;"">性能瓶颈分析方法：<br>1. <strong>分层分析</strong>：<br>   - <strong>数据采集层</strong>：摄像头采集、图像格式转换<br>   - <strong>预处理层</strong>：Resize、归一化、格式转换<br>   - <strong>推理层</strong>：模型推理（CPU/GPU/NPU）<br>   - <strong>后处理层</strong>：NMS、跟踪、结果处理<br>   - <strong>输出层</strong>：结果渲染、网络传输<br><br>2. <strong>资源分析</strong>：<br>   - <strong>CPU 利用率</strong>：使用 `top`、`perf` 分析<br>   - <strong>GPU/NPU 利用率</strong>：使用 `nvidia-smi`、平台特定工具<br>   - <strong>内存占用</strong>：峰值内存、内存带宽<br>   - <strong>I/O 带宽</strong>：磁盘读写、网络传输<br><br>3. <strong>时间分析</strong>：<br>   - <strong>端到端延迟</strong>：从输入到输出的总时间<br>   - <strong>各阶段耗时</strong>：使用时间戳记录各阶段时间<br>   - <strong>瓶颈识别</strong>：找出耗时最长的阶段<br><br>常见性能瓶颈：<br>1. <strong>CPU 瓶颈</strong>：<br>   - <strong>原因</strong>：预处理、后处理在 CPU 上执行<br>   - <strong>表现</strong>：CPU 利用率接近 100%<br>   - <strong>优化</strong>：将预处理/后处理移到 GPU/NPU，使用多线程<br><br>2. <strong>GPU/NPU 瓶颈</strong>：<br>   - <strong>原因</strong>：模型计算量大，硬件利用率低<br>   - <strong>表现</strong>：GPU/NPU 利用率低，但推理慢<br>   - <strong>优化</strong>：算子融合、批处理、模型压缩<br><br>3. <strong>内存瓶颈</strong>：<br>   - <strong>原因</strong>：内存带宽不足，频繁内存拷贝<br>   - <strong>表现</strong>：内存带宽利用率高，CPU/GPU 等待内存<br>   - <strong>优化</strong>：零拷贝、内存池、减少中间结果<br><br>4. <strong>I/O 瓶颈</strong>：<br>   - <strong>原因</strong>：摄像头数据读取慢，结果输出慢<br>   - <strong>表现</strong>：I/O 等待时间长<br>   - <strong>优化</strong>：使用 DMA、多缓冲、异步 I/O<br><br>5. <strong>同步瓶颈</strong>：<br>   - <strong>原因</strong>：CPU 和 GPU/NPU 同步等待<br>   - <strong>表现</strong>：GPU/NPU 空闲等待 CPU<br>   - <strong>优化</strong>：异步执行、流水线并行<br><br>性能分析工具链：<br><pre><code style=""white-space: pre; font-family: monospace; text-align: left; display: block; background-color: #f5f5f5; padding: 10px; border-radius: 4px; overflow-x: auto;"">import time<br>import torch.profiler<br><br># 时间分析<br>start = time.time()<br>preprocess_time = time.time() - start<br><br>start = time.time()<br>inference_time = time.time() - start<br><br>start = time.time()<br>postprocess_time = time.time() - start<br><br># PyTorch Profiler<br>with torch.profiler.profile(<br>    activities=[torch.profiler.ProfilerActivity.CPU,<br>                torch.profiler.ProfilerActivity.CUDA],<br>    record_shapes=True<br>) as prof:<br>    output = model(input)<br>print(prof.key_averages().table())<br></code></pre></div>",调试与性能分析-性能瓶颈分析
"<div style=""text-align: left;"">边缘 AI 推理中如何优化内存使用和内存带宽？</div>","<div style=""text-align: left;"">内存优化策略：<br>1. <strong>减少内存占用</strong>：<br>   - <strong>模型量化</strong>：FP32 → INT8，内存减少 4 倍<br>   - <strong>模型剪枝</strong>：移除不重要的权重，减少模型大小<br>   - <strong>动态形状</strong>：根据实际输入动态分配内存<br>   - <strong>内存复用</strong>：复用中间结果的内存，避免重复分配<br><br>2. <strong>内存池管理</strong>：<br>   - <strong>预分配内存</strong>：启动时预分配所需内存<br>   - <strong>内存池</strong>：使用对象池管理临时对象<br>   - <strong>避免频繁分配</strong>：减少 `malloc/free` 调用<br>   <pre><code style=""white-space: pre; font-family: monospace; text-align: left; display: block; background-color: #f5f5f5; padding: 10px; border-radius: 4px; overflow-x: auto;"">   // 内存池示例<br>   class MemoryPool {<br>       void* allocate(size_t size);<br>       void deallocate(void* ptr);<br>   };<br>   </code></pre><br><br>3. <strong>零拷贝优化</strong>：<br>   - <strong>直接访问</strong>：直接访问摄像头缓冲区，避免拷贝<br>   - <strong>内存映射</strong>：使用 `mmap` 映射文件到内存<br>   - <strong>共享内存</strong>：进程间使用共享内存，避免拷贝<br>   <pre><code style=""white-space: pre; font-family: monospace; text-align: left; display: block; background-color: #f5f5f5; padding: 10px; border-radius: 4px; overflow-x: auto;"">   // 零拷贝示例：直接使用摄像头缓冲区<br>   void* camera_buffer = get_camera_frame();<br>   // 直接在 camera_buffer 上处理，不拷贝<br>   process_frame(camera_buffer);<br>   </code></pre><br><br>内存带宽优化：<br>1. <strong>减少数据传输</strong>：<br>   - <strong>算子融合</strong>：减少中间结果写回内存<br>   - <strong>就地操作</strong>：尽可能使用就地（in-place）操作<br>   - <strong>数据局部性</strong>：提高缓存命中率<br><br>2. <strong>优化数据布局</strong>：<br>   - <strong>内存对齐</strong>：数据按缓存行对齐<br>   - <strong>连续内存</strong>：使用连续内存布局，提高缓存效率<br>   - <strong>NHWC vs NCHW</strong>：根据硬件选择最优布局<br><br>3. <strong>预取和流水线</strong>：<br>   - <strong>数据预取</strong>：提前加载下一帧数据<br>   - <strong>流水线并行</strong>：预处理、推理、后处理并行<br>   <pre><code style=""white-space: pre; font-family: monospace; text-align: left; display: block; background-color: #f5f5f5; padding: 10px; border-radius: 4px; overflow-x: auto;"">   // 流水线示例<br>   thread1: 预处理 frame N<br>   thread2: 推理 frame N-1<br>   thread3: 后处理 frame N-2<br>   </code></pre><br><br>4. <strong>使用高速内存</strong>：<br>   - <strong>片上内存</strong>：使用 NPU/GPU 的片上内存（L1/L2 Cache）<br>   - <strong>HBM（High Bandwidth Memory）</strong>：使用高带宽内存<br>   - <strong>NUMA 优化</strong>：在 NUMA 系统中，数据靠近计算单元<br><br>监控和测量：<br>- <strong>内存使用</strong>：使用 `valgrind`、`heaptrack` 测量<br>- <strong>内存带宽</strong>：使用 `perf` 测量内存带宽<br>- <strong>缓存命中率</strong>：使用 `perf` 的缓存事件测量</div>",调试与性能分析-内存与带宽优化
"<div style=""text-align: left;"">边缘 AI 推理中常见的问题有哪些？如何定位和解决？</div>","<div style=""text-align: left;"">常见问题类型：<br>1. <strong>崩溃（Crash）</strong>：<br>   - <strong>段错误（Segmentation Fault）</strong>：<br>     - 原因：空指针、数组越界、栈溢出<br>     - 定位：使用 `gdb`、`addr2line` 定位崩溃位置<br>     - 解决：检查指针有效性、数组边界、栈大小<br>   <br>   - <strong>内存错误</strong>：<br>     - 原因：内存泄漏、双重释放、使用已释放内存<br>     - 定位：使用 `valgrind`、AddressSanitizer<br>     - 解决：正确管理内存生命周期<br><br>2. <strong>卡顿（Freeze）</strong>：<br>   - <strong>死锁</strong>：<br>     - 原因：多线程死锁、资源竞争<br>     - 定位：使用 `gdb` 查看线程堆栈、`pstack`<br>     - 解决：避免循环等待、使用超时机制<br>   <br>   - <strong>无限循环</strong>：<br>     - 原因：循环条件错误、算法逻辑错误<br>     - 定位：添加日志、使用调试器单步执行<br>     - 解决：修复循环条件、添加循环次数限制<br><br>3. <strong>结果异常</strong>：<br>   - <strong>精度问题</strong>：<br>     - 原因：量化误差、预处理错误、模型版本不匹配<br>     - 定位：对比 FP32 和量化模型输出、检查预处理<br>     - 解决：调整量化策略、修复预处理、使用正确模型版本<br>   <br>   - <strong>输出格式错误</strong>：<br>     - 原因：后处理逻辑错误、输出解析错误<br>     - 定位：打印中间结果、对比预期输出<br>     - 解决：修复后处理逻辑、验证输出格式<br><br>4. <strong>性能问题</strong>：<br>   - <strong>推理慢</strong>：<br>     - 原因：模型未优化、硬件利用率低、内存瓶颈<br>     - 定位：使用 Profiling 工具分析<br>     - 解决：模型压缩、算子优化、内存优化<br>   <br>   - <strong>内存占用高</strong>：<br>     - 原因：内存泄漏、缓存过大、批处理过大<br>     - 定位：使用内存分析工具<br>     - 解决：修复内存泄漏、减小缓存、调整批处理大小<br><br>调试方法：<br>1. <strong>日志调试</strong>：<br>   <pre><code style=""white-space: pre; font-family: monospace; text-align: left; display: block; background-color: #f5f5f5; padding: 10px; border-radius: 4px; overflow-x: auto;"">   #define LOG(level, fmt, ...) \<br>       fprintf(stderr, &quot;[%s] &quot; fmt &quot;\n&quot;, level, ##__VA_ARGS__)<br>   <br>   LOG(&quot;DEBUG&quot;, &quot;Input shape: %dx%dx%d&quot;, h, w, c);<br>   LOG(&quot;ERROR&quot;, &quot;Failed to load model: %s&quot;, error_msg);<br>   </code></pre><br><br>2. <strong>断言调试</strong>：<br>   <pre><code style=""white-space: pre; font-family: monospace; text-align: left; display: block; background-color: #f5f5f5; padding: 10px; border-radius: 4px; overflow-x: auto;"">   assert(ptr != nullptr);<br>   assert(input_size &gt; 0);<br>   assert(output_size == expected_size);<br>   </code></pre><br><br>3. <strong>调试器使用</strong>：<br>   <pre><code style=""white-space: pre; font-family: monospace; text-align: left; display: block; background-color: #f5f5f5; padding: 10px; border-radius: 4px; overflow-x: auto;"">   # GDB 调试<br>   gdb ./inference<br>   (gdb) break main<br>   (gdb) run<br>   (gdb) print variable<br>   (gdb) backtrace<br>   </code></pre><br><br>4. <strong>核心转储分析</strong>：<br>   <pre><code style=""white-space: pre; font-family: monospace; text-align: left; display: block; background-color: #f5f5f5; padding: 10px; border-radius: 4px; overflow-x: auto;"">   # 启用核心转储<br>   ulimit -c unlimited<br>   # 分析核心转储<br>   gdb ./inference core<br>   </code></pre><br><br>5. <strong>远程调试</strong>：<br>   <pre><code style=""white-space: pre; font-family: monospace; text-align: left; display: block; background-color: #f5f5f5; padding: 10px; border-radius: 4px; overflow-x: auto;"">   # 使用 GDB Server 远程调试<br>   gdbserver :1234 ./inference<br>   # 在主机上连接<br>   gdb<br>   (gdb) target remote device_ip:1234<br>   </code></pre><br><br>问题定位流程：<br>1. <strong>复现问题</strong>：稳定复现问题，记录复现步骤<br>2. <strong>收集信息</strong>：日志、核心转储、性能数据<br>3. <strong>缩小范围</strong>：使用二分法缩小问题范围<br>4. <strong>定位根因</strong>：分析日志和数据，定位根本原因<br>5. <strong>验证修复</strong>：修复后验证问题是否解决<br><br>预防措施：<br>- <strong>代码审查</strong>：多人审查代码，发现潜在问题<br>- <strong>单元测试</strong>：编写单元测试，验证功能正确性<br>- <strong>集成测试</strong>：端到端测试，验证系统功能<br>- <strong>压力测试</strong>：长时间运行测试，发现稳定性问题</div>",调试与性能分析-问题定位与调试
"<div style=""text-align: left;"">在边缘 AI 项目中，如何设计技术方案？需要考虑哪些因素？</div>","<div style=""text-align: left;"">技术方案设计流程：<br>1. <strong>需求分析</strong>：<br>   - <strong>功能需求</strong>：需要实现哪些 AI 功能（检测、分类、分割等）<br>   - <strong>性能需求</strong>：FPS、延迟、精度要求<br>   - <strong>资源约束</strong>：内存、存储、功耗限制<br>   - <strong>部署环境</strong>：硬件平台、操作系统、网络条件<br><br>2. <strong>硬件选型</strong>：<br>   - <strong>SoC 选择</strong>：根据算力需求选择芯片（RK3588、Snapdragon、Jetson）<br>   - <strong>NPU/GPU 评估</strong>：评估算力是否满足需求<br>   - <strong>内存和存储</strong>：评估内存和存储是否足够<br>   - <strong>功耗考虑</strong>：评估功耗是否在可接受范围<br><br>3. <strong>模型选择</strong>：<br>   - <strong>精度要求</strong>：根据精度要求选择模型<br>   - <strong>速度要求</strong>：根据实时性要求选择轻量级模型<br>   - <strong>资源限制</strong>：根据内存和算力限制选择合适大小的模型<br>   - <strong>模型优化</strong>：量化、剪枝、蒸馏等优化策略<br><br>4. <strong>架构设计</strong>：<br>   - <strong>数据流设计</strong>：摄像头 → 预处理 → 推理 → 后处理 → 输出<br>   - <strong>多线程设计</strong>：预处理、推理、后处理并行<br>   - <strong>内存管理</strong>：内存池、零拷贝等优化<br>   - <strong>错误处理</strong>：异常情况处理和恢复机制<br><br>5. <strong>性能评估</strong>：<br>   - <strong>基准测试</strong>：在目标硬件上测试性能<br>   - <strong>瓶颈分析</strong>：识别性能瓶颈<br>   - <strong>优化迭代</strong>：针对瓶颈进行优化<br><br>技术方案文档：<br>- <strong>架构图</strong>：系统架构、数据流图<br>- <strong>接口设计</strong>：API 接口、数据格式<br>- <strong>性能指标</strong>：FPS、延迟、内存占用<br>- <strong>部署方案</strong>：部署步骤、配置说明</div>",多场景边缘 AI 落地-技术方案设计
"<div style=""text-align: left;"">在边缘 AI 项目开发中，如何进行版本迭代和问题定位？</div>","<div style=""text-align: left;"">版本迭代流程：<br>1. <strong>需求收集</strong>：<br>   - <strong>用户反馈</strong>：收集用户使用中的问题和需求<br>   - <strong>性能监控</strong>：监控系统性能，识别问题<br>   - <strong>功能扩展</strong>：根据业务需求扩展功能<br><br>2. <strong>开发流程</strong>：<br>   - <strong>需求分析</strong>：分析需求，制定开发计划<br>   - <strong>设计评审</strong>：技术方案设计评审<br>   - <strong>开发实现</strong>：编码实现<br>   - <strong>单元测试</strong>：编写单元测试<br>   - <strong>集成测试</strong>：系统集成测试<br><br>3. <strong>测试验证</strong>：<br>   - <strong>功能测试</strong>：验证功能正确性<br>   - <strong>性能测试</strong>：验证性能指标<br>   - <strong>稳定性测试</strong>：长时间运行测试<br>   - <strong>兼容性测试</strong>：不同硬件平台测试<br><br>4. <strong>发布部署</strong>：<br>   - <strong>版本管理</strong>：使用 Git 管理代码版本<br>   - <strong>构建打包</strong>：自动化构建和打包<br>   - <strong>部署脚本</strong>：自动化部署脚本<br>   - <strong>回滚机制</strong>：版本回滚机制<br><br>问题定位方法：<br>1. <strong>日志分析</strong>：<br>   - <strong>分级日志</strong>：DEBUG、INFO、WARN、ERROR<br>   - <strong>关键节点日志</strong>：记录关键操作和状态<br>   - <strong>性能日志</strong>：记录各阶段耗时<br>   - <strong>错误日志</strong>：详细记录错误信息<br><br>2. <strong>性能分析</strong>：<br>   - <strong>Profiling 工具</strong>：使用 profiling 工具分析性能<br>   - <strong>时间戳</strong>：在各阶段添加时间戳<br>   - <strong>资源监控</strong>：监控 CPU、内存、NPU 利用率<br><br>3. <strong>问题分类</strong>：<br>   - <strong>功能问题</strong>：功能不正确或缺失<br>   - <strong>性能问题</strong>：速度慢、延迟高<br>   - <strong>稳定性问题</strong>：崩溃、卡顿、内存泄漏<br>   - <strong>兼容性问题</strong>：不同平台表现不一致<br><br>4. <strong>问题追踪</strong>：<br>   - <strong>问题记录</strong>：详细记录问题现象、复现步骤<br>   - <strong>根因分析</strong>：分析问题根本原因<br>   - <strong>解决方案</strong>：制定解决方案<br>   - <strong>验证测试</strong>：验证解决方案有效性<br><br>版本管理最佳实践：<br>- <strong>语义化版本</strong>：主版本.次版本.修订版本（如 1.2.3）<br>- <strong>分支策略</strong>：main、develop、feature、hotfix 分支<br>- <strong>代码审查</strong>：代码提交前进行审查<br>- <strong>自动化测试</strong>：CI/CD 自动化测试</div>",多场景边缘 AI 落地-版本迭代与问题定位
"<div style=""text-align: left;"">什么是端云协同？在边缘 AI 中如何设计端云协同方案？</div>","<div style=""text-align: left;"">端云协同概念：<br>1. <strong>定义</strong>：<br>   - <strong>边缘端</strong>：在设备本地执行推理，响应快，隐私好<br>   - <strong>云端</strong>：在服务器执行复杂推理，算力强，精度高<br>   - <strong>协同</strong>：根据任务复杂度动态选择执行位置<br><br>2. <strong>优势</strong>：<br>   - <strong>低延迟</strong>：简单任务本地执行，延迟低<br>   - <strong>高精度</strong>：复杂任务云端执行，精度高<br>   - <strong>节省带宽</strong>：减少数据传输，节省带宽<br>   - <strong>隐私保护</strong>：敏感数据本地处理<br><br>端云协同策略：<br>1. <strong>任务分流</strong>：<br>   - <strong>本地执行</strong>：简单、实时性要求高的任务<br>   - <strong>云端执行</strong>：复杂、精度要求高的任务<br>   - <strong>混合执行</strong>：部分本地，部分云端<br><br>2. <strong>动态决策</strong>：<br>   <pre><code style=""white-space: pre; font-family: monospace; text-align: left; display: block; background-color: #f5f5f5; padding: 10px; border-radius: 4px; overflow-x: auto;"">   // 根据任务复杂度决定执行位置<br>   enum class ExecutionLocation {<br>       LOCAL,   // 本地执行<br>       CLOUD,   // 云端执行<br>       HYBRID   // 混合执行<br>   };<br>   <br>   ExecutionLocation decide_execution_location(Task task) {<br>       if (task.complexity &lt; threshold &amp;&amp; task.latency_requirement &lt; max_latency) {<br>           return ExecutionLocation::LOCAL;<br>       } else if (task.accuracy_requirement &gt; min_accuracy) {<br>           return ExecutionLocation::CLOUD;<br>       } else {<br>           return ExecutionLocation::HYBRID;<br>       }<br>   }<br>   </code></pre><br><br>3. <strong>数据同步</strong>：<br>   - <strong>模型更新</strong>：云端训练新模型，推送到边缘端<br>   - <strong>参数同步</strong>：云端优化参数，同步到边缘端<br>   - <strong>数据上传</strong>：边缘端异常数据上传到云端分析<br><br>4. <strong>容错机制</strong>：<br>   - <strong>降级策略</strong>：云端不可用时，使用本地模型<br>   - <strong>重试机制</strong>：云端请求失败时重试<br>   - <strong>缓存机制</strong>：缓存云端结果，减少请求<br><br>实现方案：<br>1. <strong>本地模型 + 云端模型</strong>：<br>   - <strong>本地</strong>：轻量级模型，快速响应<br>   - <strong>云端</strong>：大模型，高精度<br>   - <strong>决策</strong>：根据置信度决定是否上传云端<br><br>2. <strong>特征提取 + 云端分类</strong>：<br>   - <strong>本地</strong>：特征提取（计算量大但可并行）<br>   - <strong>云端</strong>：分类决策（计算量小但需要高精度）<br>   - <strong>优势</strong>：减少数据传输，提高效率<br><br>3. <strong>增量学习</strong>：<br>   - <strong>本地</strong>：基础模型推理<br>   - <strong>云端</strong>：增量学习，更新模型<br>   - <strong>同步</strong>：定期同步更新到本地<br><br>应用场景：<br>- <strong>智能监控</strong>：本地检测异常，云端深度分析<br>- <strong>智能助手</strong>：本地语音识别，云端自然语言理解<br>- <strong>自动驾驶</strong>：本地实时决策，云端路径规划</div>",多场景边缘 AI 落地-端云协同方案
"<div style=""text-align: left;"">什么是 PoC（Proof of Concept）？在边缘 AI 项目中如何进行 PoC 实现？</div>","<div style=""text-align: left;"">PoC（Proof of Concept）概念：<br>1. <strong>定义</strong>：<br>   - <strong>PoC</strong>：概念验证，用于验证技术方案的可行性和有效性<br>   - <strong>目的</strong>：在正式开发前，快速验证核心技术和关键假设<br>   - <strong>特点</strong>：快速实现、聚焦核心功能、不追求完美<br><br>2. <strong>PoC vs MVP vs 正式产品</strong>：<br>   - <strong>PoC</strong>：验证技术可行性，功能最小化，快速迭代<br>   - <strong>MVP（Minimum Viable Product）</strong>：最小可行产品，面向用户，功能完整但简化<br>   - <strong>正式产品</strong>：完整功能，稳定可靠，面向生产环境<br><br>PoC 实施流程：<br>1. <strong>需求分析</strong>：<br>   - <strong>核心问题</strong>：要解决什么技术问题？<br>   - <strong>关键假设</strong>：哪些假设需要验证？<br>   - <strong>成功标准</strong>：如何判断 PoC 成功？<br><br>2. <strong>技术选型</strong>：<br>   - <strong>硬件平台</strong>：选择目标硬件（RK3588、Snapdragon 等）<br>   - <strong>模型选择</strong>：选择合适的模型（LLaMA、Qwen 等）<br>   - <strong>框架选择</strong>：选择推理框架（Llama.cpp、MLC-LLM 等）<br><br>3. <strong>快速实现</strong>：<br>   <pre><code style=""white-space: pre; font-family: monospace; text-align: left; display: block; background-color: #f5f5f5; padding: 10px; border-radius: 4px; overflow-x: auto;"">   // PoC 示例：验证大模型在边缘设备上的推理能力<br>   class LLMPoC {<br>   public:<br>       bool init(const std::string&amp; model_path) {<br>           // 快速实现：加载模型、初始化推理引擎<br>           return load_model(model_path);<br>       }<br>       <br>       bool infer(const std::string&amp; prompt, std::string&amp; output) {<br>           // 核心功能：验证推理是否可行<br>           return model_infer(prompt, output);<br>       }<br>       <br>       void benchmark() {<br>           // 性能测试：验证是否满足性能要求<br>           measure_latency();<br>           measure_memory();<br>           measure_throughput();<br>       }<br>   };<br>   </code></pre><br><br>4. <strong>验证测试</strong>：<br>   - <strong>功能验证</strong>：核心功能是否正常工作？<br>   - <strong>性能验证</strong>：性能是否满足要求（延迟、吞吐量、内存）？<br>   - <strong>稳定性验证</strong>：是否稳定运行（无崩溃、无内存泄漏）？<br><br>5. <strong>结果评估</strong>：<br>   - <strong>技术可行性</strong>：技术方案是否可行？<br>   - <strong>性能指标</strong>：是否达到预期性能？<br>   - <strong>风险评估</strong>：存在哪些技术风险？<br>   - <strong>下一步计划</strong>：是否继续开发？需要哪些改进？<br><br>边缘 AI PoC 常见场景：<br>1. <strong>大模型本地部署 PoC</strong>：<br>   - <strong>目标</strong>：验证大模型（如 LLaMA 7B）在边缘设备上的推理能力<br>   - <strong>验证点</strong>：<br>     - 模型能否成功加载和运行？<br>     - 推理延迟是否可接受？<br>     - 内存占用是否在限制内？<br>     - 量化后精度是否满足要求？<br>   - <strong>工具</strong>：Llama.cpp、MLC-LLM、TensorRT-LLM<br><br>2. <strong>端云协同 PoC</strong>：<br>   - <strong>目标</strong>：验证端云协同方案的可行性<br>   - <strong>验证点</strong>：<br>     - 任务分流策略是否有效？<br>     - 云端通信延迟是否可接受？<br>     - 降级策略是否可靠？<br>   - <strong>实现</strong>：本地模型 + 云端 API 调用<br><br>3. <strong>新硬件平台 PoC</strong>：<br>   - <strong>目标</strong>：验证新硬件平台（如新 NPU）的 AI 能力<br>   - <strong>验证点</strong>：<br>     - 推理引擎是否支持？<br>     - 性能是否达到预期？<br>     - 算子支持是否完整？<br>   - <strong>实现</strong>：使用平台 SDK 实现简单推理流程<br><br>PoC 最佳实践：<br>1. <strong>快速迭代</strong>：<br>   - 不要过度设计，聚焦核心功能<br>   - 快速实现，快速验证，快速调整<br><br>2. <strong>明确目标</strong>：<br>   - 明确要验证的核心问题<br>   - 设定清晰的成功标准<br><br>3. <strong>记录文档</strong>：<br>   - <strong>技术方案</strong>：记录技术选型和实现方案<br>   - <strong>测试结果</strong>：记录性能数据和测试结果<br>   - <strong>问题总结</strong>：记录遇到的问题和解决方案<br>   - <strong>结论建议</strong>：给出是否继续开发的建议<br><br>4. <strong>代码管理</strong>：<br>   - 虽然 PoC 代码可能不完美，但应该可复现<br>   - 使用版本控制，记录关键节点<br><br>PoC 输出物：<br>- <strong>演示程序</strong>：可运行的演示程序<br>- <strong>性能报告</strong>：性能测试报告<br>- <strong>技术文档</strong>：技术方案和实现文档<br>- <strong>风险评估</strong>：技术风险评估报告<br>- <strong>建议方案</strong>：后续开发建议</div>",多场景边缘 AI 落地-PoC（概念验证）实现
"<div style=""text-align: left;"">如何支撑边缘 AI 产品的规模化交付？需要考虑哪些方面？</div>","<div style=""text-align: left;"">规模化交付挑战：<br>1. <strong>硬件多样性</strong>：<br>   - <strong>不同 SoC</strong>：RK3588、Snapdragon、Jetson 等<br>   - <strong>不同配置</strong>：内存、存储、NPU 算力不同<br>   - <strong>解决方案</strong>：统一的抽象层，适配不同硬件<br><br>2. <strong>软件版本管理</strong>：<br>   - <strong>模型版本</strong>：不同版本的模型<br>   - <strong>固件版本</strong>：不同版本的固件<br>   - <strong>解决方案</strong>：版本管理系统，支持回滚<br><br>3. <strong>部署效率</strong>：<br>   - <strong>批量部署</strong>：需要支持批量设备部署<br>   - <strong>远程更新</strong>：支持远程 OTA 更新<br>   - <strong>解决方案</strong>：自动化部署工具<br><br>4. <strong>质量保证</strong>：<br>   - <strong>测试覆盖</strong>：不同硬件平台的测试<br>   - <strong>性能验证</strong>：性能指标验证<br>   - <strong>解决方案</strong>：自动化测试框架<br><br>规模化交付方案：<br>1. <strong>统一抽象层</strong>：<br>   <pre><code style=""white-space: pre; font-family: monospace; text-align: left; display: block; background-color: #f5f5f5; padding: 10px; border-radius: 4px; overflow-x: auto;"">   // 统一的推理接口<br>   class InferenceEngine {<br>   public:<br>       virtual bool load_model(const std::string&amp; model_path) = 0;<br>       virtual bool infer(const void* input, void* output) = 0;<br>       virtual void release() = 0;<br>   };<br>   <br>   // 不同平台的实现<br>   class RKNNEngine : public InferenceEngine { ... };<br>   class SNPEEngine : public InferenceEngine { ... };<br>   class TensorRTEngine : public InferenceEngine { ... };<br>   </code></pre><br><br>2. <strong>配置管理</strong>：<br>   - <strong>配置文件</strong>：YAML/JSON 配置文件<br>   - <strong>环境变量</strong>：运行时配置<br>   - <strong>动态配置</strong>：支持运行时更新配置<br><br>3. <strong>监控和日志</strong>：<br>   - <strong>性能监控</strong>：FPS、延迟、内存占用<br>   - <strong>错误监控</strong>：错误率、崩溃率<br>   - <strong>日志收集</strong>：集中式日志收集和分析<br><br>4. <strong>自动化部署</strong>：<br>   - <strong>构建系统</strong>：自动化构建和打包<br>   - <strong>部署脚本</strong>：自动化部署脚本<br>   - <strong>OTA 更新</strong>：远程 OTA 更新机制<br><br>5. <strong>质量保证</strong>：<br>   - <strong>单元测试</strong>：代码单元测试<br>   - <strong>集成测试</strong>：系统集成测试<br>   - <strong>性能测试</strong>：性能基准测试<br>   - <strong>兼容性测试</strong>：不同平台兼容性测试<br><br>最佳实践：<br>- <strong>模块化设计</strong>：模块化架构，便于维护和扩展<br>- <strong>文档完善</strong>：详细的开发文档和使用文档<br>- <strong>代码规范</strong>：统一的代码规范和审查流程<br>- <strong>持续集成</strong>：CI/CD 自动化流程</div>",多场景边缘 AI 落地-产品规模化交付
